end;Indicateurs;ti_metropole;ti_fr;start
2020-05-13;2020-05-07|2020-05-13;2.4971694457429483;;2020-05-07
2020-05-14;2020-05-08|2020-05-14;5.361088622054921;;2020-05-08
2020-05-15;2020-05-09|2020-05-15;7.888291782757962;;2020-05-09
2020-05-16;2020-05-10|2020-05-16;8.353602859604475;;2020-05-10
2020-05-17;2020-05-11|2020-05-17;8.762512593802924;;2020-05-11
2020-05-18;2020-05-12|2020-05-18;11.12163975341474;;2020-05-12
2020-05-19;2020-05-13|2020-05-19;13.717934558861655;;2020-05-13
2020-05-20;2020-05-14|2020-05-20;13.762350616197006;;2020-05-14
2020-05-21;2020-05-15|2020-05-21;11.22273916011139;;2020-05-15
2020-05-22;2020-05-16|2020-05-22;10.514479299808352;;2020-05-16
2020-05-23;2020-05-17|2020-05-23;10.401676614512228;;2020-05-17
2020-05-24;2020-05-18|2020-05-24;10.17607124391998;;2020-05-18
2020-05-25;2020-05-19|2020-05-25;9.466542353407357;;2020-05-19
2020-05-26;2020-05-20|2020-05-26;8.93072959825077;;2020-05-20
2020-05-27;2020-05-21|2020-05-27;8.461893437488753;;2020-05-21
2020-05-28;2020-05-22|2020-05-28;9.72161742553322;;2020-05-22
2020-05-29;2020-05-23|2020-05-29;9.298607355672754;;2020-05-23
2020-05-30;2020-05-24|2020-05-30;9.425510376630895;;2020-05-24
2020-05-31;2020-05-25|2020-05-31;9.46781138361694;;2020-05-25
2020-06-01;2020-05-26|2020-06-01;7.036067495345743;;2020-05-26
2020-06-02;2020-05-27|2020-06-02;6.570756418499232;;2020-05-27
2020-06-03;2020-05-28|2020-06-03;5.936241313708533;;2020-05-28
2020-06-04;2020-05-29|2020-06-04;5.752936950102332;;2020-05-29
2020-06-05;2020-05-30|2020-06-05;5.950341649370548;;2020-05-30
2020-06-06;2020-05-31|2020-06-06;6.034943663342641;;2020-05-31
2020-06-07;2020-06-01|2020-06-07;6.0631443346666725;;2020-06-01
2020-06-08;2020-06-02|2020-06-08;6.923264810049619;;2020-06-02
2020-06-09;2020-06-03|2020-06-09;6.472054068865123;;2020-06-03
2020-06-10;2020-06-04|2020-06-10;6.359251383568999;;2020-06-04
2020-06-11;2020-06-05|2020-06-11;5.893940306722486;;2020-06-05
2020-06-12;2020-06-06|2020-06-12;6.133646012976751;;2020-06-06
2020-06-13;2020-06-07|2020-06-13;5.964441985032564;;2020-06-07
2020-06-14;2020-06-08|2020-06-14;5.809338292750394;;2020-06-08
2020-06-15;2020-06-09|2020-06-15;5.611933593482177;;2020-06-09
2020-06-16;2020-06-10|2020-06-16;5.7670372857643475;;2020-06-10
2020-06-17;2020-06-11|2020-06-17;5.668334936130239;;2020-06-11
2020-06-18;2020-06-12|2020-06-18;6.020843327680626;;2020-06-12
2020-06-19;2020-06-13|2020-06-19;5.640134264806208;;2020-06-13
2020-06-20;2020-06-14|2020-06-20;5.710635943116285;;2020-06-14
2020-06-21;2020-06-15|2020-06-21;5.82343862841241;;2020-06-15
2020-06-22;2020-06-16|2020-06-22;6.1759470199627975;;2020-06-16
2020-06-23;2020-06-17|2020-06-23;6.23234836261086;;2020-06-17
2020-06-24;2020-06-18|2020-06-24;6.401552390555046;;2020-06-18
2020-06-25;2020-06-19|2020-06-25;6.38745205489303;;2020-06-19
2020-06-26;2020-06-20|2020-06-26;6.38745205489303;;2020-06-20
2020-06-27;2020-06-21|2020-06-27;6.429753061879077;;2020-06-21
2020-06-28;2020-06-22|2020-06-28;6.415652726217061;;2020-06-22
2020-06-29;2020-06-23|2020-06-29;6.302850040920937;;2020-06-23
2020-06-30;2020-06-24|2020-06-30;6.486154404527139;;2020-06-24
2020-07-01;2020-06-25|2020-07-01;6.38745205489303;;2020-06-25
2020-07-02;2020-06-26|2020-07-02;6.528455411513185;;2020-06-26
2020-07-03;2020-06-27|2020-07-03;6.669458768133341;;2020-06-27
2020-07-04;2020-06-28|2020-07-04;6.866863467401557;;2020-06-28
2020-07-05;2020-06-29|2020-07-05;6.8809638030635725;;2020-06-29
2020-07-06;2020-06-30|2020-07-06;7.515478907854271;;2020-06-30
2020-07-07;2020-07-01|2020-07-07;7.501378572192255;;2020-07-01
2020-07-08;2020-07-02|2020-07-08;7.825686292418613;;2020-07-02
2020-07-09;2020-07-03|2020-07-09;8.347398711913186;;2020-07-03
2020-07-10;2020-07-04|2020-07-10;8.925512474055823;;2020-07-04
2020-07-11;2020-07-05|2020-07-11;8.883211467069776;;2020-07-05
2020-07-12;2020-07-06|2020-07-12;8.798609453097683;;2020-07-06
2020-07-13;2020-07-07|2020-07-13;9.50362623619846;;2020-07-07
2020-07-14;2020-07-08|2020-07-14;8.587104418167451;;2020-07-08
2020-07-15;2020-07-09|2020-07-15;9.09471650200001;;2020-07-09
2020-07-16;2020-07-10|2020-07-16;9.898435634734893;;2020-07-10
2020-07-17;2020-07-11|2020-07-17;10.208643019299235;;2020-07-11
2020-07-18;2020-07-12|2020-07-18;10.6316530891597;;2020-07-12
2020-07-19;2020-07-13|2020-07-19;10.75855611011784;;2020-07-13
2020-07-20;2020-07-14|2020-07-20;10.91365980240001;;2020-07-14
2020-07-21;2020-07-15|2020-07-21;13.423519550238774;;2020-07-15
2020-07-22;2020-07-16|2020-07-22;14.354141703931797;;2020-07-16
2020-07-23;2020-07-17|2020-07-23;14.7207504311442;;2020-07-17
2020-07-24;2020-07-18|2020-07-24;15.425767214244978;;2020-07-18
2020-07-25;2020-07-19|2020-07-25;15.792375941457381;;2020-07-19
2020-07-26;2020-07-20|2020-07-26;16.14488433300777;;2020-07-20
2020-07-27;2020-07-21|2020-07-27;18.048429647379862;;2020-07-21
2020-07-28;2020-07-22|2020-07-28;19.740469926821724;;2020-07-22
2020-07-29;2020-07-23|2020-07-29;21.72861725516591;;2020-07-23
2020-07-30;2020-07-24|2020-07-30;23.618062233875992;;2020-07-24
2020-07-31;2020-07-25|2020-07-31;25.916416946784523;;2020-07-25
2020-08-01;2020-07-26|2020-08-01;26.861139436139563;;2020-07-26
2020-08-02;2020-07-27|2020-08-02;27.24184849901398;;2020-07-27
2020-08-03;2020-07-28|2020-08-03;28.55317971558142;;2020-07-28
2020-08-04;2020-07-29|2020-08-04;29.681206568542663;;2020-07-29
2020-08-05;2020-07-30|2020-08-05;31.302745169674452;;2020-07-30
2020-08-06;2020-07-31|2020-08-06;33.05118679176437;;2020-07-31
2020-08-07;2020-08-01|2020-08-07;35.23673881937678;;2020-08-01
2020-08-08;2020-08-02|2020-08-08;35.603347546589184;;2020-08-02
2020-08-09;2020-08-03|2020-08-09;35.800752245857396;;2020-08-03
2020-08-10;2020-08-04|2020-08-10;38.97332776981089;;2020-08-04
2020-08-11;2020-08-05|2020-08-11;41.652391545593844;;2020-08-05
2020-08-12;2020-08-06|2020-08-12;44.47245867799695;;2020-08-06
2020-08-13;2020-08-07|2020-08-13;49.026867096827964;;2020-08-07
2020-08-14;2020-08-08|2020-08-14;52.80575705424812;;2020-08-08
2020-08-15;2020-08-09|2020-08-15;52.2417436277675;;2020-08-09
2020-08-16;2020-08-10|2020-08-16;53.17236578146052;;2020-08-10
2020-08-17;2020-08-11|2020-08-17;57.91007856389773;;2020-08-11
2020-08-18;2020-08-12|2020-08-18;62.873396716927196;;2020-08-12
2020-08-19;2020-08-13|2020-08-19;67.8649155412807;;2020-08-13
2020-08-20;2020-08-14|2020-08-20;72.32062161047759;;2020-08-14
2020-08-21;2020-08-15|2020-08-21;76.05721056091171;;2020-08-15
2020-08-22;2020-08-16|2020-08-22;80.0476055532621;;2020-08-16
2020-08-23;2020-08-17|2020-08-23;81.21793341320938;;2020-08-17
2020-08-24;2020-08-18|2020-08-24;88.91671668466986;;2020-08-18
2020-08-25;2020-08-19|2020-08-25;96.54499827782026;;2020-08-19
2020-08-26;2020-08-20|2020-08-26;104.15917953530862;;2020-08-20
2020-08-27;2020-08-21|2020-08-27;110.9414409887381;;2020-08-21
2020-08-28;2020-08-22|2020-08-28;119.50034473558152;;2020-08-22
2020-08-29;2020-08-23|2020-08-29;121.16418434369935;;2020-08-23
2020-08-30;2020-08-24|2020-08-30;121.74229810584197;;2020-08-24
2020-08-31;2020-08-25|2020-08-31;128.76426526552572;;2020-08-25
2020-09-01;2020-08-26|2020-09-01;133.09306831376446;;2020-08-26
2020-09-02;2020-08-27|2020-09-02;134.9261119498265;;2020-08-27
2020-09-03;2020-08-28|2020-09-03;137.29496834104512;;2020-08-28
2020-09-04;2020-08-29|2020-09-04;138.5639985506265;;2020-08-29
2020-09-05;2020-08-30|2020-09-05;140.87645359919705;;2020-08-30
2020-09-06;2020-08-31|2020-09-06;140.53804554330867;;2020-08-31
2020-09-07;2020-09-01|2020-09-07;143.58371804630403;;2020-09-01
2020-09-08;2020-09-02|2020-09-08;147.50361136034434;;2020-09-02
2020-09-09;2020-09-03|2020-09-09;151.719611723287;;2020-09-03
2020-09-10;2020-09-04|2020-09-10;158.10706377818;;2020-09-04
2020-09-11;2020-09-05|2020-09-11;163.05628159554746;;2020-09-05
2020-09-12;2020-09-06|2020-09-12;161.80135172162807;;2020-09-06
2020-09-13;2020-09-07|2020-09-13;161.75905071464203;;2020-09-07
2020-09-14;2020-09-08|2020-09-14;166.89157289561567;;2020-09-08
2020-09-15;2020-09-09|2020-09-15;170.9242688949521;;2020-09-09
2020-09-16;2020-09-10|2020-09-16;177.170717593225;;2020-09-10
2020-09-17;2020-09-11|2020-09-17;181.65462433374591;;2020-09-11
2020-09-18;2020-09-12|2020-09-18;183.96707938231646;;2020-09-12
2020-09-19;2020-09-13|2020-09-19;189.49441096182653;;2020-09-13
2020-09-20;2020-09-14|2020-09-20;190.93264519935215;;2020-09-14
2020-09-21;2020-09-15|2020-09-21;196.3471740935661;;2020-09-15
2020-09-22;2020-09-16|2020-09-22;202.94613118338935;;2020-09-16
2020-09-23;2020-09-17|2020-09-23;205.343188245932;;2020-09-17
2020-09-24;2020-09-18|2020-09-24;205.94950267939865;;2020-09-18
2020-09-25;2020-09-19|2020-09-25;206.79552281911958;;2020-09-19
2020-09-26;2020-09-20|2020-09-26;205.8931013367506;;2020-09-20
2020-09-27;2020-09-21|2020-09-27;205.18808455364984;;2020-09-21
2020-09-28;2020-09-22|2020-09-28;202.76282681978316;;2020-09-22
2020-09-29;2020-09-23|2020-09-29;200.69007747746687;;2020-09-23
2020-09-30;2020-09-24|2020-09-30;204.00365635804053;;2020-09-24
2020-10-01;2020-09-25|2020-10-01;210.4616100912436;;2020-09-25
2020-10-02;2020-09-26|2020-10-02;223.05320983742348;;2020-09-26
2020-10-03;2020-09-27|2020-10-03;232.35943137435373;;2020-09-27
2020-10-04;2020-09-28|2020-10-04;234.57318407329015;;2020-09-28
2020-10-05;2020-09-29|2020-10-05;258.57195537004054;;2020-09-29
2020-10-06;2020-09-30|2020-10-06;279.0738434226111;;2020-09-30
2020-10-07;2020-10-01|2020-10-07;298.4195039508964;;2020-10-01
2020-10-08;2020-10-02|2020-10-08;318.8367899894949;;2020-10-02
2020-10-09;2020-10-03|2020-10-09;335.06627633647474;;2020-10-03
2020-10-10;2020-10-04|2020-10-10;339.4796813986856;;2020-10-04
2020-10-11;2020-10-05|2020-10-11;340.9179156362112;;2020-10-05
2020-10-12;2020-10-06|2020-10-12;358.57153588505463;;2020-10-06
2020-10-13;2020-10-07|2020-10-13;370.48631951945777;;2020-10-07
2020-10-14;2020-10-08|2020-10-14;377.2121796302391;;2020-10-08
2020-10-15;2020-10-09|2020-10-15;384.7276585380934;;2020-10-09
2020-10-16;2020-10-10|2020-10-16;394.28768611693994;;2020-10-10
2020-10-17;2020-10-11|2020-10-17;399.9560210530702;;2020-10-11
2020-10-18;2020-10-12|2020-10-18;401.38015495493374;;2020-10-12
2020-10-19;2020-10-13|2020-10-19;411.26449025400666;;2020-10-13
2020-10-20;2020-10-14|2020-10-20;430.1448397054454;;2020-10-14
2020-10-21;2020-10-15|2020-10-21;451.67605226134305;;2020-10-15
2020-10-22;2020-10-16|2020-10-22;472.9252581040005;;2020-10-16
2020-10-23;2020-10-17|2020-10-23;492.82083172310433;;2020-10-17
2020-10-24;2020-10-18|2020-10-24;502.01425057473847;;2020-10-18
2020-10-25;2020-10-19|2020-10-25;504.0164982387447;;2020-10-19
2020-10-26;2020-10-20|2020-10-26;531.7518584859292;;2020-10-20
2020-10-27;2020-10-21|2020-10-27;544.4985619243912;;2020-10-21
2020-10-28;2020-10-22|2020-10-28;545.3163813927881;;2020-10-22
2020-10-29;2020-10-23|2020-10-29;535.6435511286454;;2020-10-23
2020-10-30;2020-10-24|2020-10-30;529.2137980667663;;2020-10-24
2020-10-31;2020-10-25|2020-10-31;523.4608611166641;;2020-10-25
2020-11-01;2020-10-26|2020-11-01;541.0680912611796;;2020-10-26
2020-11-02;2020-10-27|2020-11-02;515.4380521316906;;2020-10-27
2020-11-03;2020-10-28|2020-11-03;485.4907722292056;;2020-10-28
2020-11-04;2020-10-29|2020-11-04;458.0310735442135;;2020-10-29
2020-11-05;2020-10-30|2020-11-05;429.29176939789346;;2020-10-30
2020-11-06;2020-10-31|2020-11-06;394.1279293138893;;2020-10-31
2020-11-07;2020-11-01|2020-11-07;377.2000533415698;;2020-11-01
2020-11-08;2020-11-02|2020-11-08;371.4149676261581;;2020-11-02
2020-11-09;2020-11-03|2020-11-09;331.1999642979501;;2020-11-03
2020-11-10;2020-11-04|2020-11-10;298.91343870913687;;2020-11-04
2020-11-11;2020-11-05|2020-11-11;241.97487327235197;;2020-11-05
2020-11-12;2020-11-06|2020-11-12;228.16937562902922;;2020-11-06
2020-11-13;2020-11-07|2020-11-13;207.88632478593314;;2020-11-07
2020-11-14;2020-11-08|2020-11-14;200.45967799274953;;2020-11-08
2020-11-15;2020-11-09|2020-11-15;198.7225166391892;;2020-11-09
2020-11-16;2020-11-10|2020-11-16;178.0745491091602;;2020-11-10
2020-11-17;2020-11-11|2020-11-17;163.2957052950885;;2020-11-11
2020-11-18;2020-11-12|2020-11-18;181.2179369382933;;2020-11-12
2020-11-19;2020-11-13|2020-11-19;161.0271022904268;;2020-11-13
2020-11-20;2020-11-14|2020-11-20;151.55153572219575;;2020-11-14
2020-11-21;2020-11-15|2020-11-21;151.2655809149701;;2020-11-15
2020-11-22;2020-11-16|2020-11-22;151.23582920672322;;2020-11-16
2020-11-23;2020-11-17|2020-11-23;140.54537771785294;;2020-11-17
2020-11-24;2020-11-18|2020-11-24;131.16188634149484;;2020-11-18
2020-11-25;2020-11-19|2020-11-25;126.67642856405106;;2020-11-19
2020-11-26;2020-11-20|2020-11-26;123.89076625066328;;2020-11-20
2020-11-27;2020-11-21|2020-11-27;119.71241378393822;;2020-11-21
2020-11-28;2020-11-22|2020-11-28;117.0012012428459;;2020-11-22
2020-11-29;2020-11-23|2020-11-29;116.60794288123226;;2020-11-23
2020-11-30;2020-11-24|2020-11-30;113.57270462662682;;2020-11-24
2020-12-01;2020-11-25|2020-12-01;111.20554027568765;;2020-11-25
2020-12-02;2020-11-26|2020-12-02;106.95866017764517;;2020-11-26
2020-12-03;2020-11-27|2020-12-03;104.16580669306977;;2020-11-27
2020-12-04;2020-11-28|2020-12-04;103.63450604532504;;2020-11-28
2020-12-05;2020-11-29|2020-12-05;104.19837846844904;;2020-11-29
2020-12-06;2020-11-30|2020-12-06;103.81738739886137;;2020-11-30
2020-12-07;2020-12-01|2020-12-07;105.2740930761042;;2020-12-01
2020-12-08;2020-12-02|2020-12-08;107.20583906180033;;2020-12-02
2020-12-09;2020-12-03|2020-12-09;109.99671849938306;;2020-12-03
2020-12-10;2020-12-04|2020-12-10;114.90871143060279;;2020-12-04
2020-12-11;2020-12-05|2020-12-11;118.90954067134308;;2020-12-05
2020-12-12;2020-12-06|2020-12-12;121.06900707798076;;2020-12-06
2020-12-13;2020-12-07|2020-12-13;122.61919798066273;;2020-12-07
2020-12-14;2020-12-08|2020-12-14;129.40935562206292;;2020-12-08
2020-12-15;2020-12-09|2020-12-15;134.9079225168225;;2020-12-09
2020-12-16;2020-12-10|2020-12-16;139.71825202791908;;2020-12-10
2020-12-17;2020-12-11|2020-12-17;140.11179239624593;;2020-12-11
2020-12-18;2020-12-12|2020-12-18;143.17706436581147;;2020-12-12
2020-12-19;2020-12-13|2020-12-19;146.00784775331775;;2020-12-13
2020-12-20;2020-12-14|2020-12-20;146.79577451011116;;2020-12-14
2020-12-21;2020-12-15|2020-12-21;147.42464948063704;;2020-12-15
2020-12-22;2020-12-16|2020-12-22;150.2861715998865;;2020-12-16
2020-12-23;2020-12-17|2020-12-23;151.54307552079854;;2020-12-17
2020-12-24;2020-12-18|2020-12-24;150.82198435504307;;2020-12-18
2020-12-25;2020-12-19|2020-12-25;128.1765632751329;;2020-12-19
2020-12-26;2020-12-20|2020-12-26;130.1689407041757;;2020-12-20
2020-12-27;2020-12-21|2020-12-27;129.19883761062903;;2020-12-21
2020-12-28;2020-12-22|2020-12-28;130.20094846612847;;2020-12-22
2020-12-29;2020-12-23|2020-12-29;128.62467194247176;;2020-12-23
2020-12-30;2020-12-24|2020-12-30;127.60902476473677;;2020-12-24
2020-12-31;2020-12-25|2020-12-31;127.11875609376852;;2020-12-25
2021-01-01;2020-12-26|2021-01-01;123.82914778382029;;2020-12-26
2021-01-02;2020-12-27|2021-01-02;125.67629175554431;;2020-12-27
2021-01-03;2020-12-28|2021-01-03;127.77724176918463;;2020-12-28
2021-01-04;2020-12-29|2021-01-04;133.9390884534854;;2020-12-29
2021-01-05;2020-12-30|2021-01-05;138.80370425688076;;2020-12-30
2021-01-06;2020-12-31|2021-01-06;142.31468783672264;;2020-12-31
2021-01-07;2021-01-01|2021-01-07;148.16632713645905;;2021-01-01
2021-01-08;2021-01-02|2021-01-08;172.85601488064825;;2021-01-02
2021-01-09;2021-01-03|2021-01-09;171.4741819857707;;2021-01-03
2021-01-10;2021-01-04|2021-01-10;171.1780749368684;;2021-01-04
2021-01-11;2021-01-05|2021-01-11;169.69753969235677;;2021-01-05
2021-01-12;2021-01-06|2021-01-12;168.97842257359397;;2021-01-06
2021-01-13;2021-01-07|2021-01-13;172.03819541225135;;2021-01-07
2021-01-14;2021-01-08|2021-01-14;174.6326571740622;;2021-01-08
2021-01-15;2021-01-09|2021-01-15;176.49390148144823;;2021-01-09
2021-01-16;2021-01-10|2021-01-16;177.5232259847754;;2021-01-10
2021-01-17;2021-01-11|2021-01-17;177.66422934139553;;2021-01-11
2021-01-18;2021-01-12|2021-01-18;181.3726176205056;;2021-01-12
2021-01-19;2021-01-13|2021-01-19;183.4594672984839;;2021-01-13
2021-01-20;2021-01-14|2021-01-20;183.84017636135835;;2021-01-14
2021-01-21;2021-01-15|2021-01-21;185.7014206687444;;2021-01-15
2021-01-22;2021-01-16|2021-01-22;187.7459693397366;;2021-01-16
2021-01-23;2021-01-17|2021-01-23;187.7177686684126;;2021-01-17
2021-01-24;2021-01-18|2021-01-24;186.97045087832578;;2021-01-18
2021-01-25;2021-01-19|2021-01-25;186.98455121398777;;2021-01-19
2021-01-26;2021-01-20|2021-01-26;187.13965490626995;;2021-01-20
2021-01-27;2021-01-21|2021-01-27;187.6190663187785;;2021-01-21
2021-01-28;2021-01-22|2021-01-28;190.31223043022345;;2021-01-22
2021-01-29;2021-01-23|2021-01-29;193.76681266741724;;2021-01-23
2021-01-30;2021-01-24|2021-01-30;196.93938819137074;;2021-01-24
2021-01-31;2021-01-25|2021-01-31;198.67372947779864;;2021-01-25
2021-02-01;2021-01-26|2021-02-01;204.52536877753508;;2021-01-26
2021-02-02;2021-01-27|2021-02-02;209.65789095850874;;2021-01-27
2021-02-03;2021-01-28|2021-02-03;212.46385775524982;;2021-01-28
2021-02-04;2021-01-29|2021-02-04;211.67423895817697;;2021-01-29
2021-02-05;2021-01-30|2021-02-05;211.4486335875847;;2021-01-30
2021-02-06;2021-01-31|2021-02-06;209.85529565777696;;2021-01-31
2021-02-07;2021-02-01|2021-02-07;208.7131684691537;;2021-02-01
2021-02-08;2021-02-02|2021-02-08;205.7097969731444;;2021-02-02
2021-02-09;2021-02-03|2021-02-09;204.11645904333665;;2021-02-03
2021-02-10;2021-02-04|2021-02-10;201.36689358924363;;2021-02-04
2021-02-11;2021-02-05|2021-02-11;198.9134351840529;;2021-02-05
2021-02-12;2021-02-06|2021-02-12;196.3612744292281;;2021-02-06
2021-02-13;2021-02-07|2021-02-13;196.10746838731185;;2021-02-07
2021-02-14;2021-02-08|2021-02-14;196.5445787928343;;2021-02-08
2021-02-15;2021-02-09|2021-02-15;198.22251873661415;;2021-02-09
2021-02-16;2021-02-10|2021-02-16;200.60547546349477;;2021-02-10
2021-02-17;2021-02-11|2021-02-17;208.41706142025137;;2021-02-11
2021-02-18;2021-02-12|2021-02-18;219.95113599178006;;2021-02-12
2021-02-19;2021-02-13|2021-02-19;232.62733775193203;;2021-02-13
2021-02-20;2021-02-14|2021-02-20;238.54947872997855;;2021-02-14
2021-02-21;2021-02-15|2021-02-21;240.3402213590545;;2021-02-15
2021-02-22;2021-02-16|2021-02-22;257.3029251604592;;2021-02-16
2021-02-23;2021-02-17|2021-02-23;267.06035743857393;;2021-02-17
2021-02-24;2021-02-18|2021-02-24;271.5019631721088;;2021-02-18
2021-02-25;2021-02-19|2021-02-25;275.60516084975535;;2021-02-19
2021-02-26;2021-02-20|2021-02-26;277.7625122060437;;2021-02-20
2021-02-27;2021-02-21|2021-02-27;282.28871995355064;;2021-02-21
2021-02-28;2021-02-22|2021-02-28;282.7117300234112;;2021-02-22
2021-03-01;2021-02-23|2021-03-01;284.417870638515;;2021-02-23
2021-03-02;2021-02-24|2021-03-02;286.71622535142353;;2021-02-24
2021-03-03;2021-02-25|2021-03-03;293.45618579786697;;2021-02-25
2021-03-04;2021-02-26|2021-03-04;294.9508213780406;;2021-02-26
2021-03-05;2021-02-27|2021-03-05;299.7731361744499;;2021-02-27
2021-03-06;2021-02-28|2021-03-06;301.0985677266794;;2021-02-28
2021-03-07;2021-03-01|2021-03-07;301.676681488822;;2021-03-01
2021-03-08;2021-03-02|2021-03-08;307.52832078855846;;2021-03-02
2021-03-09;2021-03-03|2021-03-09;315.81931815782355;;2021-03-03
2021-03-10;2021-03-04|2021-03-10;325.42164674365614;;2021-03-04
2021-03-11;2021-03-05|2021-03-11;341.1999223494515;;2021-03-05
2021-03-12;2021-03-06|2021-03-12;356.8512949342888;;2021-03-06
2021-03-13;2021-03-07|2021-03-13;369.6402993797368;;2021-03-07
2021-03-14;2021-03-08|2021-03-14;376.6763668750825;;2021-03-08
2021-03-15;2021-03-09|2021-03-15;407.2740952616562;;2021-03-09
2021-03-16;2021-03-10|2021-03-16;432.513696096664;;2021-03-10
2021-03-17;2021-03-11|2021-03-17;455.201136176847;;2021-03-11
2021-03-18;2021-03-12|2021-03-18;473.4751711948191;;2021-03-12
2021-03-19;2021-03-13|2021-03-19;489.9020622410672;;2021-03-13
2021-03-20;2021-03-14|2021-03-20;501.1400297636935;;2021-03-14
2021-03-21;2021-03-15|2021-03-21;503.79089286815247;;2021-03-15
2021-03-22;2021-03-16|2021-03-22;526.6757376476037;;2021-03-16
2021-03-23;2021-03-17|2021-03-23;540.8465749879292;;2021-03-17
2021-03-24;2021-03-18|2021-03-24;553.5509774194052;;2021-03-18
2021-03-25;2021-03-19|2021-03-25;563.0123026486176;;2021-03-19
2021-03-26;2021-03-20|2021-03-26;572.0506178079696;;2021-03-20
2021-03-27;2021-03-21|2021-03-27;579.0302839606672;;2021-03-21
2021-03-28;2021-03-22|2021-03-28;575.5334007164873;;2021-03-22
2021-03-29;2021-03-23|2021-03-29;581.6388460581402;;2021-03-23
2021-03-30;2021-03-24|2021-03-30;591.5936830355231;;2021-03-24
2021-03-31;2021-03-25|2021-03-31;589.5068333575448;;2021-03-25
2021-04-01;2021-03-26|2021-04-01;607.3801368360024;;2021-03-26
2021-04-02;2021-03-27|2021-04-02;605.7296925467635;;2021-03-27
2021-04-03;2021-03-28|2021-04-03;599.4384047810855;;2021-03-28
2021-04-04;2021-03-29|2021-04-04;598.8037486729381;;2021-03-29
2021-04-05;2021-03-30|2021-04-05;493.01541635524023;;2021-03-30
2021-04-06;2021-03-31|2021-04-06;511.4500541964027;;2021-03-31
2021-04-07;2021-04-01|2021-04-07;511.0171738915789;;2021-04-01
2021-04-08;2021-04-02|2021-04-08;503.53609980273984;;2021-04-02
2021-04-09;2021-04-03|2021-04-09;501.4242925306397;;2021-04-03
2021-04-10;2021-04-04|2021-04-10;501.67809857255594;;2021-04-04
2021-04-11;2021-04-05|2021-04-11;503.2853958346692;;2021-04-05
2021-04-12;2021-04-06|2021-04-12;587.022213210541;;2021-04-06
2021-04-13;2021-04-07|2021-04-13;540.3240165482949;;2021-04-07
2021-04-14;2021-04-08|2021-04-14;519.4118087279597;;2021-04-08
2021-04-15;2021-04-09|2021-04-15;504.6532693972414;;2021-04-09
2021-04-16;2021-04-10|2021-04-16;488.5990502225403;;2021-04-10
2021-04-17;2021-04-11|2021-04-17;479.9785280088539;;2021-04-11
2021-04-18;2021-04-12|2021-04-18;478.0892240335004;;2021-04-12
2021-04-19;2021-04-13|2021-04-19;463.8112241421435;;2021-04-13
2021-04-20;2021-04-14|2021-04-20;453.80449792952436;;2021-04-14
2021-04-21;2021-04-15|2021-04-21;446.02604776157347;;2021-04-15
2021-04-22;2021-04-16|2021-04-22;435.5960294723806;;2021-04-16
2021-04-23;2021-04-17|2021-04-23;421.10708855952;;2021-04-17
2021-04-24;2021-04-18|2021-04-24;412.3058000426464;;2021-04-18
2021-04-25;2021-04-19|2021-04-25;409.2745098820264;;2021-04-19
2021-04-26;2021-04-20|2021-04-26;388.471861669785;;2021-04-20
2021-04-27;2021-04-21|2021-04-27;371.3995982602865;;2021-04-21
2021-04-28;2021-04-22|2021-04-28;355.4600148145177;;2021-04-22
2021-04-29;2021-04-23|2021-04-29;340.04242579495667;;2021-04-23
2021-04-30;2021-04-24|2021-04-30;330.0437367736648;;2021-04-24
2021-05-01;2021-04-25|2021-05-01;300.68810695555806;;2021-04-25
2021-05-02;2021-04-26|2021-05-02;300.36520926889796;;2021-04-26
2021-05-03;2021-04-27|2021-05-03;292.1029765843833;;2021-04-27
2021-05-04;2021-04-28|2021-05-04;286.34383548658974;;2021-04-28
2021-05-05;2021-04-29|2021-05-05;277.0935922822377;;2021-04-29
2021-05-06;2021-04-30|2021-05-06;271.10743578028564;;2021-04-30
2021-05-07;2021-05-01|2021-05-07;259.9938332181982;;2021-05-01
2021-05-08;2021-05-02|2021-05-08;261.1782614138075;;2021-05-02
2021-05-09;2021-05-03|2021-05-09;258.8233643548943;;2021-05-03
2021-05-10;2021-05-04|2021-05-10;248.04591379498942;;2021-05-04
2021-05-11;2021-05-05|2021-05-11;239.0353762968916;;2021-05-05
2021-05-12;2021-05-06|2021-05-12;234.94952203210934;;2021-05-06
2021-05-13;2021-05-07|2021-05-13;203.4387969114202;;2021-05-07
2021-05-14;2021-05-08|2021-05-14;200.45417886184134;;2021-05-08
2021-05-15;2021-05-09|2021-05-15;209.3146887884953;;2021-05-09
2021-05-16;2021-05-10|2021-05-16;207.66509051939607;;2021-05-10
2021-05-17;2021-05-11|2021-05-17;192.88243961469564;;2021-05-11
2021-05-18;2021-05-12|2021-05-18;186.24992372599675;;2021-05-12
2021-05-19;2021-05-13|2021-05-19;176.7980457216779;;2021-05-13
2021-05-20;2021-05-14|2021-05-20;194.18911772049464;;2021-05-14
2021-05-21;2021-05-15|2021-05-21;181.46610284594476;;2021-05-15
2021-05-22;2021-05-16|2021-05-22;176.00617087089913;;2021-05-16
2021-05-23;2021-05-17|2021-05-23;173.25364434631706;;2021-05-17
2021-05-24;2021-05-18|2021-05-24;141.94483603230796;;2021-05-18
2021-05-25;2021-05-19|2021-05-25;139.16100676255624;;2021-05-19
2021-05-26;2021-05-20|2021-05-26;134.11435562576426;;2021-05-20
2021-05-27;2021-05-21|2021-05-27;128.07870694563854;;2021-05-21
2021-05-28;2021-05-22|2021-05-28;123.88089601569988;;2021-05-22
2021-05-29;2021-05-23|2021-05-29;121.11751223265809;;2021-05-23
2021-05-30;2021-05-24|2021-05-30;120.20099041462709;;2021-05-24
2021-05-31;2021-05-25|2021-05-31;133.34532331875792;;2021-05-25
2021-06-01;2021-05-26|2021-06-01;118.99047659804305;;2021-05-26
2021-06-02;2021-05-27|2021-06-02;111.34527460209821;;2021-05-27
2021-06-03;2021-05-28|2021-06-03;103.79821094236104;;2021-05-28
2021-06-04;2021-05-29|2021-06-04;95.03287828142572;;2021-05-29
2021-06-05;2021-05-30|2021-06-05;91.25116825687316;;2021-05-30
2021-06-06;2021-05-31|2021-06-06;90.02599009120061;;2021-05-31
2021-06-07;2021-06-01|2021-06-07;81.25473528928725;;2021-06-01
2021-06-08;2021-06-02|2021-06-08;75.78549709270466;;2021-06-02
2021-06-09;2021-06-03|2021-06-09;69.7608466743953;;2021-06-03
2021-06-10;2021-06-04|2021-06-10;64.26101074942613;;2021-06-04
2021-06-11;2021-06-05|2021-06-11;61.03189287946796;;2021-06-05
2021-06-12;2021-06-06|2021-06-12;56.18137741173463;;2021-06-06
2021-06-13;2021-06-07|2021-06-13;55.09424153219324;;2021-06-07
2021-06-14;2021-06-08|2021-06-14;49.57917724470911;;2021-06-08
2021-06-15;2021-06-09|2021-06-15;46.07496182598501;;2021-06-09
2021-06-16;2021-06-10|2021-06-16;42.49361757118969;;2021-06-10
2021-06-17;2021-06-11|2021-06-17;39.76985573135814;;2021-06-11
2021-06-18;2021-06-12|2021-06-18;35.934423427933304;;2021-06-12
2021-06-19;2021-06-13|2021-06-19;34.44133888468249;;2021-06-13
2021-06-20;2021-06-14|2021-06-20;34.13282354039758;;2021-06-14
2021-06-21;2021-06-15|2021-06-21;31.240844696118195;;2021-06-15
2021-06-22;2021-06-16|2021-06-22;28.88467860699541;;2021-06-16
2021-06-23;2021-06-17|2021-06-23;28.010316792593827;;2021-06-17
2021-06-24;2021-06-18|2021-06-24;26.61438356205429;;2021-06-18
2021-06-25;2021-06-19|2021-06-25;26.35944949328505;;2021-06-19
2021-06-26;2021-06-20|2021-06-26;26.61156349492189;;2021-06-20
2021-06-27;2021-06-21|2021-06-27;27.046981860164927;;2021-06-21
2021-06-28;2021-06-22|2021-06-28;28.175149716482785;;2021-06-22
2021-06-29;2021-06-23|2021-06-29;29.641584625332406;;2021-06-23
2021-06-30;2021-06-24|2021-06-30;31.83996795839724;;2021-06-24
2021-07-01;2021-06-25|2021-07-01;34.67554546002856;;2021-06-25
2021-07-02;2021-06-26|2021-07-02;38.25858175510332;;2021-06-26
2021-07-03;2021-06-27|2021-07-03;40.77140257343111;;2021-06-27
2021-07-04;2021-06-28|2021-07-04;42.012232111688476;;2021-06-28
2021-07-05;2021-06-29|2021-07-05;46.54013189947489;;2021-06-29
2021-07-06;2021-06-30|2021-07-06;51.23554367492607;;2021-06-30
2021-07-07;2021-07-01|2021-07-07;55.832253100743124;;2021-07-01
2021-07-08;2021-07-02|2021-07-08;59.51497876894833;;2021-07-02
2021-07-09;2021-07-03|2021-07-09;62.278785562059994;;2021-07-03
2021-07-10;2021-07-04|2021-07-10;64.57558923804571;;2021-07-04
2021-07-11;2021-07-05|2021-07-11;65.35110769945656;;2021-07-05
2021-07-12;2021-07-06|2021-07-12;71.35897871832813;;2021-07-06
2021-07-13;2021-07-07|2021-07-13;78.0873768895287;;2021-07-07
2021-07-14;2021-07-08|2021-07-14;73.36686651659915;;2021-07-08
2021-07-15;2021-07-09|2021-07-15;87.34424725164187;;2021-07-09
2021-07-16;2021-07-10|2021-07-16;99.81190504735262;;2021-07-10
2021-07-17;2021-07-11|2021-07-17;110.376863548831;;2021-07-11
2021-07-18;2021-07-12|2021-07-18;114.28406656077551;;2021-07-12
2021-07-19;2021-07-13|2021-07-19;133.09884945138592;;2021-07-13
2021-07-20;2021-07-14|2021-07-20;149.57537367916427;;2021-07-14
2021-07-21;2021-07-15|2021-07-21;178.26250658353482;;2021-07-15
2021-07-22;2021-07-16|2021-07-22;185.54109985226722;;2021-07-16
2021-07-23;2021-07-17|2021-07-23;196.6621755922555;;2021-07-17
2021-07-24;2021-07-18|2021-07-24;203.21601160796033;;2021-07-18
2021-07-25;2021-07-19|2021-07-25;205.27325058104842;;2021-07-19
2021-07-26;2021-07-20|2021-07-26;212.9317068925155;;2021-07-20
2021-07-27;2021-07-21|2021-07-27;212.63447181676023;;2021-07-21
2021-07-28;2021-07-22|2021-07-28;210.41648901712517;;2021-07-22
2021-07-29;2021-07-23|2021-07-29;209.99728603789347;;2021-07-23
2021-07-30;2021-07-24|2021-07-30;207.33457865147847;;2021-07-24
2021-07-31;2021-07-25|2021-07-31;205.4035376825654;;2021-07-25
2021-08-01;2021-07-26|2021-08-01;203.99590117342643;;2021-07-26
2021-08-02;2021-07-27|2021-08-02;203.29102539368228;;2021-07-27
2021-08-03;2021-07-28|2021-08-03;204.23320982261816;;2021-07-28
2021-08-04;2021-07-29|2021-08-04;203.72066262130386;;2021-07-29
2021-08-05;2021-07-30|2021-08-05;203.13789574839276;;2021-07-30
2021-08-06;2021-07-31|2021-08-06;203.00901868044195;;2021-07-31
2021-08-07;2021-08-01|2021-08-07;201.8360117567189;;2021-08-01
2021-08-08;2021-08-02|2021-08-08;202.6246435302954;;2021-08-02
2021-08-09;2021-08-03|2021-08-09;202.33812470964327;;2021-08-03
2021-08-10;2021-08-04|2021-08-10;203.32472519591448;;2021-08-04
2021-08-11;2021-08-05|2021-08-11;201.28088154170533;;2021-08-05
2021-08-12;2021-08-06|2021-08-12;203.54525444566838;;2021-08-06
2021-08-13;2021-08-07|2021-08-13;203.38028051842284;;2021-08-07
2021-08-14;2021-08-08|2021-08-14;204.4231413439855;;2021-08-08
2021-08-15;2021-08-09|2021-08-15;203.48123892176287;;2021-08-09
2021-08-16;2021-08-10|2021-08-16;201.10406333250364;;2021-08-10
2021-08-17;2021-08-11|2021-08-17;195.5385198433495;;2021-08-11
2021-08-18;2021-08-12|2021-08-18;192.19575326795547;;2021-08-12
2021-08-19;2021-08-13|2021-08-19;186.69901941683196;;2021-08-13
2021-08-20;2021-08-14|2021-08-20;182.63586669246558;;2021-08-14
2021-08-21;2021-08-15|2021-08-21;180.05945336030211;;2021-08-15
2021-08-22;2021-08-16|2021-08-22;180.49219266176934;;2021-08-16
2021-08-23;2021-08-17|2021-08-23;178.06594790440636;;2021-08-17
2021-08-24;2021-08-18|2021-08-24;177.54296645470222;;2021-08-18
2021-08-25;2021-08-19|2021-08-25;176.5706073074496;;2021-08-19
2021-08-26;2021-08-20|2021-08-26;173.64055755688278;;2021-08-20
2021-08-27;2021-08-21|2021-08-27;171.90255018318274;;2021-08-21
2021-08-28;2021-08-22|2021-08-28;169.37901310975184;;2021-08-22
2021-08-29;2021-08-23|2021-08-29;168.78976008243617;;2021-08-23
2021-08-30;2021-08-24|2021-08-30;164.12057493131638;;2021-08-24
2021-08-31;2021-08-25|2021-08-31;161.52625417286214;;2021-08-25
2021-09-01;2021-08-26|2021-09-01;159.4559018876084;;2021-08-26
2021-09-02;2021-08-27|2021-09-02;154.68787338349787;;2021-08-27
2021-09-03;2021-08-28|2021-09-03;150.57974058836965;;2021-08-28
2021-09-04;2021-08-29|2021-09-04;148.94396064821925;;2021-08-29
2021-09-05;2021-08-30|2021-09-05;147.36345402386388;;2021-08-30
2021-09-06;2021-08-31|2021-09-06;140.10742129219074;;2021-08-31
2021-09-07;2021-09-01|2021-09-07;132.50127722602969;;2021-09-01
2021-09-08;2021-09-02|2021-09-08;126.05643680499226;;2021-09-02
2021-09-09;2021-09-03|2021-09-09;122.58535717507391;;2021-09-03
2021-09-10;2021-09-04|2021-09-10;117.65898190147891;;2021-09-04
2021-09-11;2021-09-05|2021-09-11;113.10711154306706;;2021-09-05
2021-09-12;2021-09-06|2021-09-12;111.37121921971634;;2021-09-06
2021-09-13;2021-09-07|2021-09-13;104.82429236848591;;2021-09-07
2021-09-14;2021-09-08|2021-09-14;101.24351212711707;;2021-09-08
2021-09-15;2021-09-09|2021-09-15;96.49522409293334;;2021-09-09
2021-09-16;2021-09-10|2021-09-16;93.46534396587944;;2021-09-10
2021-09-17;2021-09-11|2021-09-17;90.40966022456406;;2021-09-11
2021-09-18;2021-09-12|2021-09-18;88.81942436860194;;2021-09-12
2021-09-19;2021-09-13|2021-09-19;88.49511664837559;;2021-09-13
2021-09-20;2021-09-14|2021-09-20;86.19365986162143;;2021-09-14
2021-09-21;2021-09-15|2021-09-21;83.43492918934808;;2021-09-15
2021-09-22;2021-09-16|2021-09-22;82.34412722253457;;2021-09-16
2021-09-23;2021-09-17|2021-09-23;80.21243847715105;;2021-09-17
2021-09-24;2021-09-18|2021-09-24;78.4036474184277;;2021-09-18
2021-09-25;2021-09-19|2021-09-25;76.77195657561927;;2021-09-19
2021-09-26;2021-09-20|2021-09-26;75.95413710722237;;2021-09-20
2021-09-27;2021-09-21|2021-09-27;73.72995015989605;;2021-09-21
2021-09-28;2021-09-22|2021-09-28;71.6658020223336;;2021-09-22
2021-09-29;2021-09-23|2021-09-29;69.73870914740593;;2021-09-23
2021-09-30;2021-09-24|2021-09-30;69.34488677236584;;2021-09-24
2021-10-01;2021-09-25|2021-10-01;67.96065682042578;;2021-09-25
2021-10-02;2021-09-26|2021-10-02;66.84673030312655;;2021-09-26
2021-10-03;2021-09-27|2021-10-03;67.1569376876909;;2021-09-27
2021-10-04;2021-09-28|2021-10-04;67.31584847060181;;2021-09-28
2021-10-05;2021-09-29|2021-10-05;67.55301611643691;;2021-09-29
2021-10-06;2021-09-30|2021-10-06;67.7034666979506;;2021-09-30
2021-10-07;2021-10-01|2021-10-07;67.36125155143348;;2021-10-01
2021-10-08;2021-10-02|2021-10-08;67.81880744366589;;2021-10-02
2021-10-09;2021-10-03|2021-10-09;68.40213833000348;;2021-10-03
2021-10-10;2021-10-04|2021-10-10;68.10603128110115;;2021-10-04
2021-10-11;2021-10-05|2021-10-11;67.69951860396526;;2021-10-05
2021-10-12;2021-10-06|2021-10-12;69.06090601213283;;2021-10-06
2021-10-13;2021-10-07|2021-10-13;70.90678095364729;;2021-10-07
2021-10-14;2021-10-08|2021-10-14;76.32286088478408;;2021-10-08
2021-10-15;2021-10-09|2021-10-15;75.36685812689943;;2021-10-09
2021-10-16;2021-10-10|2021-10-16;74.27591515672928;;2021-10-10
2021-10-17;2021-10-11|2021-10-17;74.34782686860557;;2021-10-11
2021-10-18;2021-10-12|2021-10-18;74.19004411254761;;2021-10-12
2021-10-19;2021-10-13|2021-10-19;74.65084308198229;;2021-10-13
2021-10-20;2021-10-14|2021-10-20;74.92410758711215;;2021-10-14
2021-10-21;2021-10-15|2021-10-21;71.37039999021437;;2021-10-15
2021-10-22;2021-10-16|2021-10-22;73.02888147078063;;2021-10-16
2021-10-23;2021-10-17|2021-10-23;74.48403611110064;;2021-10-17
2021-10-24;2021-10-18|2021-10-24;74.31342204959024;;2021-10-18
2021-10-25;2021-10-19|2021-10-25;73.94667231902122;;2021-10-19
2021-10-26;2021-10-20|2021-10-26;73.31032417059446;;2021-10-20
2021-10-27;2021-10-21|2021-10-27;72.84134700647583;;2021-10-21
2021-10-28;2021-10-22|2021-10-28;71.64183145170816;;2021-10-22
2021-10-29;2021-10-23|2021-10-29;72.82372158689832;;2021-10-23
2021-10-30;2021-10-24|2021-10-30;74.06314109158947;;2021-10-24
2021-10-31;2021-10-25|2021-10-31;75.20526828021272;;2021-10-25
2021-11-01;2021-10-26|2021-11-01;66.68908855042521;;2021-10-26
2021-11-02;2021-10-27|2021-11-02;75.49686322170322;;2021-10-27
2021-11-03;2021-10-28|2021-11-03;80.23880610483903;;2021-10-28
2021-11-04;2021-10-29|2021-11-04;84.72553291249237;;2021-10-29
2021-11-05;2021-10-30|2021-11-05;88.01091112174198;;2021-10-30
2021-11-06;2021-10-31|2021-11-06;91.11157493381918;;2021-10-31
2021-11-07;2021-11-01|2021-11-07;91.79008308587538;;2021-11-01
2021-11-08;2021-11-02|2021-11-08;108.45752585851744;;2021-11-02
2021-11-09;2021-11-03|2021-11-09;105.91156925138392;;2021-11-03
2021-11-10;2021-11-04|2021-11-10;107.97994748964499;;2021-11-04
2021-11-11;2021-11-05|2021-11-11;98.82459954429831;;2021-11-05
2021-11-12;2021-11-06|2021-11-12;105.75082542483695;;2021-11-06
2021-11-13;2021-11-07|2021-11-13;108.5909150338801;;2021-11-07
2021-11-14;2021-11-08|2021-11-14;110.73247401422704;;2021-11-08
2021-11-15;2021-11-09|2021-11-15;124.76865314898036;;2021-11-09
2021-11-16;2021-11-10|2021-11-16;136.53298620186976;;2021-11-10
2021-11-17;2021-11-11|2021-11-17;148.9116708795532;;2021-11-11
2021-11-18;2021-11-12|2021-11-18;176.55002081738306;;2021-11-12
2021-11-19;2021-11-13|2021-11-19;188.40685207221526;;2021-11-13
2021-11-20;2021-11-14|2021-11-20;201.98998742214806;;2021-11-14
2021-11-21;2021-11-15|2021-11-21;206.02268342148452;;2021-11-15
2021-11-22;2021-11-16|2021-11-22;226.64964145137716;;2021-11-16
2021-11-23;2021-11-17|2021-11-23;247.42352497886796;;2021-11-17
2021-11-24;2021-11-18|2021-11-24;270.7659256505516;;2021-11-18
2021-11-25;2021-11-19|2021-11-25;292.38498329762365;;2021-11-19
2021-11-26;2021-11-20|2021-11-26;316.25797960026887;;2021-11-20
2021-11-27;2021-11-21|2021-11-27;333.89524345974434;;2021-11-21
2021-11-28;2021-11-22|2021-11-28;340.53777058676326;;2021-11-22
2021-11-29;2021-11-23|2021-11-29;374.75731119148224;;2021-11-23
2021-11-30;2021-11-24|2021-11-30;399.9506629255186;;2021-11-24
2021-12-01;2021-11-25|2021-12-01;423.1289356900964;;2021-11-25
2021-12-02;2021-11-26|2021-12-02;447.81509835036996;;2021-11-26
2021-12-03;2021-11-27|2021-12-03;466.2096912382524;;2021-11-27
2021-12-04;2021-11-28|2021-12-04;478.84542503505435;;2021-11-28
2021-12-05;2021-11-29|2021-12-05;483.2605221375446;;2021-11-29
2021-12-06;2021-11-30|2021-12-06;502.04583532662144;;2021-11-30
2021-12-07;2021-12-01|2021-12-07;513.3311799770721;;2021-12-01
2021-12-08;2021-12-02|2021-12-08;526.1641774697857;;2021-12-02
2021-12-09;2021-12-03|2021-12-09;531.4939633466709;;2021-12-03
2021-12-10;2021-12-04|2021-12-10;534.1499025719683;;2021-12-04
2021-12-11;2021-12-05|2021-12-11;538.066693812163;;2021-12-05
2021-12-12;2021-12-06|2021-12-12;540.8554581993964;;2021-12-06
2021-12-13;2021-12-07|2021-12-13;556.987793233665;;2021-12-07
2021-12-14;2021-12-08|2021-12-14;579.8207487778798;;2021-12-08
2021-12-15;2021-12-09|2021-12-15;612.2123218673752;;2021-12-09
2021-12-16;2021-12-10|2021-12-16;647.1615548426033;;2021-12-10
2021-12-17;2021-12-11|2021-12-17;693.7279133664097;;2021-12-11
2021-12-18;2021-12-12|2021-12-18;733.7319756731139;;2021-12-12
2021-12-19;2021-12-13|2021-12-19;754.8651357532729;;2021-12-13
2021-12-20;2021-12-14|2021-12-20;865.0706802238103;;2021-12-14
2021-12-21;2021-12-15|2021-12-21;999.5145606939959;;2021-12-15
2021-12-22;2021-12-16|2021-12-22;1160.5066941519808;;2021-12-16
2021-12-23;2021-12-17|2021-12-23;1354.4651303810451;;2021-12-17
2021-12-24;2021-12-18|2021-12-24;1528.5695889812082;;2021-12-18
2021-12-25;2021-12-19|2021-12-25;1500.9680409194561;;2021-12-19
2021-12-26;2021-12-20|2021-12-26;1582.7305292959327;;2021-12-20
2021-12-27;2021-12-21|2021-12-27;1981.2590323665804;;2021-12-21
2021-12-28;2021-12-22|2021-12-28;2286.939504166631;;2021-12-22
2021-12-29;2021-12-23|2021-12-29;2560.639145655022;;2021-12-23
2021-12-30;2021-12-24|2021-12-30;2814.345921208241;;2021-12-24
2021-12-31;2021-12-25|2021-12-31;3033.360371901993;;2021-12-25
2022-01-01;2021-12-26|2022-01-01;3060.6828743209935;;2021-12-26
2022-01-02;2021-12-27|2022-01-02;3154.5168010610782;;2021-12-27
2022-01-03;2021-12-28|2022-01-03;3487.1286319688666;;2021-12-28
2022-01-04;2021-12-29|2022-01-04;3658.2559456973513;;2021-12-29
2022-01-05;2021-12-30|2022-01-05;3744.316357386967;;2021-12-30
2022-01-06;2021-12-31|2022-01-06;3767.4080540905798;;2021-12-31
2022-01-07;2022-01-01|2022-01-07;3824.9962219913136;;2022-01-01
2022-01-08;2022-01-02|2022-01-08;4168.66736916889;;2022-01-02
2022-01-09;2022-01-03|2022-01-09;4149.898553372537;;2022-01-03
2022-01-10;2022-01-04|2022-01-10;3977.791689325612;;2022-01-04
2022-01-11;2022-01-05|2022-01-11;3845.341314311323;;2022-01-05
2022-01-12;2022-01-06|2022-01-12;3785.7394774746963;;2022-01-06
2022-01-13;2022-01-07|2022-01-13;3714.8964300382413;;2022-01-07
2022-01-14;2022-01-08|2022-01-14;3657.0602372332123;;2022-01-08
2022-01-15;2022-01-09|2022-01-15;3625.3123444666885;;2022-01-09
2022-01-16;2022-01-10|2022-01-16;3625.5203244177033;;2022-01-10
2022-01-17;2022-01-11|2022-01-17;3537.74601692837;;2022-01-11
2022-01-18;2022-01-12|2022-01-18;3479.771640833853;;2022-01-12
2022-01-19;2022-01-13|2022-01-19;3432.6927351087324;;2022-01-13
2022-01-20;2022-01-14|2022-01-20;3368.422559141126;;2022-01-14
2022-01-21;2022-01-15|2022-01-21;3282.772326215919;;2022-01-15
2022-01-22;2022-01-16|2022-01-22;3198.462189192029;;2022-01-16
2022-01-23;2022-01-17|2022-01-23;3157.26932758566;;2022-01-17
2022-01-24;2022-01-18|2022-01-24;2977.7535831684854;;2022-01-18
2022-01-25;2022-01-19|2022-01-25;2807.4852618885307;;2022-01-19
2022-01-26;2022-01-20|2022-01-26;2617.9874668461453;;2022-01-20
2022-01-27;2022-01-21|2022-01-27;2460.8206134499083;;2022-01-21
2022-01-28;2022-01-22|2022-01-28;2327.2037176663;;2022-01-22
2022-01-29;2022-01-23|2022-01-29;2218.6649738743695;;2022-01-23
2022-01-30;2022-01-24|2022-01-30;2159.6026158801715;;2022-01-24
2022-01-31;2022-01-25|2022-01-31;1973.3973902182233;;2022-01-25
2022-02-01;2022-01-26|2022-02-01;1840.9234676433784;;2022-01-26
2022-02-02;2022-01-27|2022-02-02;1715.5743036751926;;2022-01-27
2022-02-03;2022-01-28|2022-02-03;1606.671348213112;;2022-01-28
2022-02-04;2022-01-29|2022-02-04;1482.9094590303994;;2022-01-29
2022-02-05;2022-01-30|2022-02-05;1390.3294751407382;;2022-01-30
2022-02-06;2022-01-31|2022-02-06;1341.8103611310992;;2022-01-31
2022-02-07;2022-02-01|2022-02-07;1192.4115236544237;;2022-02-01
2022-02-08;2022-02-02|2022-02-08;1093.4380245655343;;2022-02-02
2022-02-09;2022-02-03|2022-02-09;999.3787744615709;;2022-02-03
2022-02-10;2022-02-04|2022-02-10;916.9272026812915;;2022-02-04
2022-02-11;2022-02-05|2022-02-11;846.2561793399132;;2022-02-05
2022-02-12;2022-02-06|2022-02-12;791.392055285724;;2022-02-06
2022-02-13;2022-02-07|2022-02-13;770.8052832124681;;2022-02-07
2022-02-14;2022-02-08|2022-02-14;694.8480440314003;;2022-02-08
2022-02-15;2022-02-09|2022-02-15;649.5683411367529;;2022-02-09
2022-02-16;2022-02-10|2022-02-16;606.8412220070002;;2022-02-10
2022-02-17;2022-02-11|2022-02-17;568.7849800686466;;2022-02-11
2022-02-18;2022-02-12|2022-02-18;537.4945021909983;;2022-02-12
2022-02-19;2022-02-13|2022-02-19;513.5765258175912;;2022-02-13
2022-02-20;2022-02-14|2022-02-20;499.9526404975952;;2022-02-14
2022-02-21;2022-02-15|2022-02-21;457.93631928856473;;2022-02-15
2022-02-22;2022-02-16|2022-02-22;429.83815740479656;;2022-02-16
2022-02-23;2022-02-17|2022-02-23;400.457993002638;;2022-02-17
2022-02-24;2022-02-18|2022-02-24;379.16888321005706;;2022-02-18
2022-02-25;2022-02-19|2022-02-25;358.76231342656166;;2022-02-19
2022-02-26;2022-02-20|2022-02-26;344.81017229235397;;2022-02-20
2022-02-27;2022-02-21|2022-02-27;341.99616830428556;;2022-02-21
2022-02-28;2022-02-22|2022-02-28;331.96815058481667;;2022-02-22
2022-03-01;2022-02-23|2022-03-01;325.94533321014336;;2022-02-23
2022-03-02;2022-02-24|2022-03-02;322.0773291313393;;2022-02-24
2022-03-03;2022-02-25|2022-03-03;320.07268441027054;;2022-02-25
2022-03-04;2022-02-26|2022-03-04;320.41461755007447;;2022-02-26
2022-03-05;2022-02-27|2022-03-05;325.88300972651723;;2022-02-27
2022-03-06;2022-02-28|2022-03-06;329.6228417541537;;2022-02-28
2022-03-07;2022-03-01|2022-03-07;348.77857076107165;;2022-03-01
2022-03-08;2022-03-02|2022-03-08;362.74735029136053;;2022-03-02
2022-03-09;2022-03-03|2022-03-09;382.98231898984915;;2022-03-03
2022-03-10;2022-03-04|2022-03-10;403.863083061658;;2022-03-04
2022-03-11;2022-03-05|2022-03-11;425.9581680406797;;2022-03-05
2022-03-12;2022-03-06|2022-03-12;444.42523665386483;;2022-03-06
2022-03-13;2022-03-07|2022-03-13;450.7152553893333;;2022-03-07
2022-03-14;2022-03-08|2022-03-14;495.39936010561723;;2022-03-08
2022-03-15;2022-03-09|2022-03-15;536.5686741514304;;2022-03-09
2022-03-16;2022-03-10|2022-03-16;580.1439284712533;;2022-03-10
2022-03-17;2022-03-11|2022-03-17;624.3539799025801;;2022-03-11
2022-03-18;2022-03-12|2022-03-18;670.4541813294001;;2022-03-12
2022-03-19;2022-03-13|2022-03-19;711.1863849696908;;2022-03-13
2022-03-20;2022-03-14|2022-03-20;730.2672411942434;;2022-03-14
2022-03-21;2022-03-15|2022-03-21;841.3227538984872;;2022-03-15
2022-03-22;2022-03-16|2022-03-22;923.3998207635832;;2022-03-16
2022-03-23;2022-03-17|2022-03-23;1014.9211514517405;;2022-03-17
2022-03-24;2022-03-18|2022-03-24;1094.4175748839743;;2022-03-18
2022-03-25;2022-03-19|2022-03-25;1165.9629600397545;;2022-03-19
2022-03-26;2022-03-20|2022-03-26;1219.7077994490928;;2022-03-20
2022-03-27;2022-03-21|2022-03-27;1233.5399467268169;;2022-03-21
2022-03-28;2022-03-22|2022-03-28;1307.9623643710745;;2022-03-22
2022-03-29;2022-03-23|2022-03-29;1341.0791177236672;;2022-03-23
2022-03-30;2022-03-24|2022-03-30;1358.3077538556574;;2022-03-24
2022-03-31;2022-03-25|2022-03-31;1355.5216685321998;;2022-03-25
2022-04-01;2022-03-26|2022-04-01;1330.6768770957285;;2022-03-26
2022-04-02;2022-03-27|2022-04-02;1318.094019557659;;2022-03-27
2022-04-03;2022-03-28|2022-04-03;1309.7863837923128;;2022-03-28
2022-04-04;2022-03-29|2022-04-04;1270.6078961386195;;2022-03-29
2022-04-05;2022-03-30|2022-04-05;1249.3069420640827;;2022-03-30
2022-04-06;2022-03-31|2022-04-06;1222.338499073555;;2022-03-31
2022-04-07;2022-04-01|2022-04-07;1209.847575724002;;2022-04-01
2022-04-08;2022-04-02|2022-04-08;1208.4173786778038;;2022-04-02
2022-04-09;2022-04-03|2022-04-09;1201.753278037222;;2022-04-03
2022-04-10;2022-04-04|2022-04-10;1196.6734911116243;;2022-04-04
2022-04-11;2022-04-05|2022-04-11;1164.2919292604488;;2022-04-05
2022-04-12;2022-04-06|2022-04-12;1137.2951445952408;;2022-04-06
2022-04-13;2022-04-07|2022-04-13;1099.5677224845256;;2022-04-07
2022-04-14;2022-04-08|2022-04-14;1075.1415700138596;;2022-04-08
2022-04-15;2022-04-09|2022-04-15;1051.5280198873954;;2022-04-09
2022-04-16;2022-04-10|2022-04-16;1016.5597514590236;;2022-04-10
2022-04-17;2022-04-11|2022-04-17;1001.2108310741364;;2022-04-11
2022-04-18;2022-04-12|2022-04-18;805.7712955871342;;2022-04-12
2022-04-19;2022-04-13|2022-04-19;816.6819943190453;;2022-04-13
2022-04-20;2022-04-14|2022-04-20;767.3471758913588;;2022-04-14
2022-04-21;2022-04-15|2022-04-21;712.2711237921695;;2022-04-15
2022-04-22;2022-04-16|2022-04-22;663.061516345162;;2022-04-16
2022-04-23;2022-04-17|2022-04-23;626.4607110538418;;2022-04-17
2022-04-24;2022-04-18|2022-04-24;617.2316183529829;;2022-04-18
2022-04-25;2022-04-19|2022-04-25;668.3176984698914;;2022-04-19
2022-04-26;2022-04-20|2022-04-26;549.6059855078865;;2022-04-20
2022-04-27;2022-04-21|2022-04-27;498.9413644239155;;2022-04-21
2022-04-28;2022-04-22|2022-04-28;453.04928395146675;;2022-04-22
2022-04-29;2022-04-23|2022-04-29;416.8864350858088;;2022-04-23
2022-04-30;2022-04-24|2022-04-30;389.30321746041744;;2022-04-24
2022-05-01;2022-04-25|2022-05-01;379.04057015553263;;2022-04-25
2022-05-02;2022-04-26|2022-05-02;341.25167058133115;;2022-04-26
2022-05-03;2022-04-27|2022-05-03;319.77657736136825;;2022-04-27
2022-05-04;2022-04-28|2022-05-04;298.64849340204756;;2022-04-28
2022-05-05;2022-04-29|2022-05-05;281.9363525653569;;2022-04-29
2022-05-06;2022-04-30|2022-05-06;268.20093359027436;;2022-04-30
2022-05-07;2022-05-01|2022-05-07;260.65993307487184;;2022-05-01
2022-05-08;2022-05-02|2022-05-08;259.7042123237004;;2022-05-02
2022-05-09;2022-05-03|2022-05-09;256.29348213041544;;2022-05-03
2022-05-10;2022-05-04|2022-05-10;252.21651107710034;;2022-05-04
2022-05-11;2022-05-05|2022-05-11;248.29351568921433;;2022-05-05
2022-05-12;2022-05-06|2022-05-12;243.48360918818764;;2022-05-06
2022-05-13;2022-05-07|2022-05-13;236.95303872632513;;2022-05-07
2022-05-14;2022-05-08|2022-05-14;231.12847207105975;;2022-05-08
2022-05-15;2022-05-09|2022-05-15;229.0;;2022-05-09
2022-05-16;2022-05-10|2022-05-16;219.0;;2022-05-10
2022-05-17;2022-05-11|2022-05-17;214.0;;2022-05-11
2022-05-18;2022-05-12|2022-05-18;212.0;;2022-05-12
2022-05-19;2022-05-13|2022-05-19;211.0;;2022-05-13
2022-05-20;2022-05-14|2022-05-20;209.0;;2022-05-14
2022-05-21;2022-05-15|2022-05-21;206.0;;2022-05-15
2022-05-22;2022-05-16|2022-05-22;205.0;;2022-05-16
2022-05-23;2022-05-17|2022-05-23;199.0;;2022-05-17
2022-05-24;2022-05-18|2022-05-24;195.0;;2022-05-18
2022-05-25;2022-05-19|2022-05-25;192.0;;2022-05-19
2022-05-26;2022-05-20|2022-05-26;171.0;;2022-05-20
2022-05-27;2022-05-21|2022-05-27;179.0;;2022-05-21
2022-05-28;2022-05-22|2022-05-28;182.0;;2022-05-22
2022-05-29;2022-05-23|2022-05-29;185.0;;2022-05-23
2022-05-30;2022-05-24|2022-05-30;195.0;;2022-05-24
2022-05-31;2022-05-25|2022-05-31;207.0;;2022-05-25
2022-06-01;2022-05-26|2022-06-01;218.0;;2022-05-26
2022-06-02;2022-05-27|2022-06-02;252.0;;2022-05-27
2022-06-03;2022-05-28|2022-06-03;259.0;;2022-05-28
2022-06-04;2022-05-29|2022-06-04;270.0;;2022-05-29
2022-06-05;2022-05-30|2022-06-05;275.0;;2022-05-30
2022-06-06;2022-05-31|2022-06-06;257.0;;2022-05-31
2022-06-07;2022-06-01|2022-06-07;313.0;;2022-06-01
2022-06-08;2022-06-02|2022-06-08;343.0;;2022-06-02
2022-06-09;2022-06-03|2022-06-09;371.0;;2022-06-03
2022-06-10;2022-06-04|2022-06-10;397.0;;2022-06-04
2022-06-11;2022-06-05|2022-06-11;418.0;;2022-06-05
2022-06-12;2022-06-06|2022-06-12;428.0;;2022-06-06
2022-06-13;2022-06-07|2022-06-13;527.0;;2022-06-07
2022-06-14;2022-06-08|2022-06-14;534.0;;2022-06-08
2022-06-15;2022-06-09|2022-06-15;569.0;;2022-06-09
2022-06-16;2022-06-10|2022-06-16;604.0;;2022-06-10
2022-06-17;2022-06-11|2022-06-17;641.0;;2022-06-11
2022-06-18;2022-06-12|2022-06-18;668.0;;2022-06-12
2022-06-19;2022-06-13|2022-06-19;679.0;;2022-06-13
2022-06-20;2022-06-14|2022-06-20;748.0;;2022-06-14
2022-06-21;2022-06-15|2022-06-21;802.0;;2022-06-15
2022-06-22;2022-06-16|2022-06-22;855.0;;2022-06-16
2022-06-23;2022-06-17|2022-06-23;903.0;;2022-06-17
2022-06-24;2022-06-18|2022-06-24;956.0;;2022-06-18
2022-06-25;2022-06-19|2022-06-25;1003.0;;2022-06-19
2022-06-26;2022-06-20|2022-06-26;1018.0;;2022-06-20
2022-06-27;2022-06-21|2022-06-27;1092.0;;2022-06-21
2022-06-28;2022-06-22|2022-06-28;1152.0;;2022-06-22
2022-06-29;2022-06-23|2022-06-29;1220.0;;2022-06-23
2022-06-30;2022-06-24|2022-06-30;1271.0;;2022-06-24
2022-07-01;2022-06-25|2022-07-01;1305.0;;2022-06-25
2022-07-02;2022-06-26|2022-07-02;1339.0;;2022-06-26
2022-07-03;2022-06-27|2022-07-03;1349.0;;2022-06-27
2022-07-04;2022-06-28|2022-07-04;1400.0;;2022-06-28
2022-07-05;2022-06-29|2022-07-05;1410.0;;2022-06-29
2022-07-06;2022-06-30|2022-07-06;1409.0;;2022-06-30
2022-07-07;2022-07-01|2022-07-07;1405.0;;2022-07-01
2022-07-08;2022-07-02|2022-07-08;1385.0;;2022-07-02
2022-07-09;2022-07-03|2022-07-09;1357.0;;2022-07-03
2022-07-10;2022-07-04|2022-07-10;1343.0;;2022-07-04
2022-07-11;2022-07-05|2022-07-11;1256.0;;2022-07-05
2022-07-12;2022-07-06|2022-07-12;1182.0;;2022-07-06
2022-07-13;2022-07-07|2022-07-13;1091.0;;2022-07-07
2022-07-14;2022-07-08|2022-07-14;927.0;;2022-07-08
2022-07-15;2022-07-09|2022-07-15;879.0;;2022-07-09
2022-07-16;2022-07-10|2022-07-16;825.0;;2022-07-10
2022-07-17;2022-07-11|2022-07-17;808.0;;2022-07-11
2022-07-18;2022-07-12|2022-07-18;709.0;;2022-07-12
2022-07-19;2022-07-13|2022-07-19;641.0;;2022-07-13
2022-07-20;2022-07-14|2022-07-20;585.0;;2022-07-14
2022-07-21;2022-07-15|2022-07-21;628.0;;2022-07-15
2022-07-22;2022-07-16|2022-07-22;565.0;;2022-07-16
2022-07-23;2022-07-17|2022-07-23;533.0;;2022-07-17
2022-07-24;2022-07-18|2022-07-24;521.0;;2022-07-18
2022-07-25;2022-07-19|2022-07-25;464.0;;2022-07-19
2022-07-26;2022-07-20|2022-07-26;431.0;;2022-07-20
2022-07-27;2022-07-21|2022-07-27;399.0;;2022-07-21
2022-07-28;2022-07-22|2022-07-28;363.0;;2022-07-22
2022-07-29;2022-07-23|2022-07-29;330.0;;2022-07-23
2022-07-30;2022-07-24|2022-07-30;310.0;;2022-07-24
2022-07-31;2022-07-25|2022-07-31;303.0;;2022-07-25
2022-08-01;2022-07-26|2022-08-01;268.0;;2022-07-26
2022-08-02;2022-07-27|2022-08-02;249.0;;2022-07-27
2022-08-03;2022-07-28|2022-08-03;228.0;;2022-07-28
2022-08-04;2022-07-29|2022-08-04;211.0;;2022-07-29
2022-08-05;2022-07-30|2022-08-05;197.0;;2022-07-30
2022-08-06;2022-07-31|2022-08-06;185.0;;2022-07-31
2022-08-07;2022-08-01|2022-08-07;182.0;;2022-08-01
2022-08-08;2022-08-02|2022-08-08;164.0;;2022-08-02
2022-08-09;2022-08-03|2022-08-09;153.0;;2022-08-03
2022-08-10;2022-08-04|2022-08-10;146.0;;2022-08-04
2022-08-11;2022-08-05|2022-08-11;138.0;;2022-08-05
2022-08-12;2022-08-06|2022-08-12;131.0;;2022-08-06
2022-08-13;2022-08-07|2022-08-13;127.0;;2022-08-07
2022-08-14;2022-08-08|2022-08-14;126.0;;2022-08-08
2022-08-15;2022-08-09|2022-08-15;104.0;;2022-08-09
2022-08-16;2022-08-10|2022-08-16;109.0;;2022-08-10
2022-08-17;2022-08-11|2022-08-17;107.0;;2022-08-11
2022-08-18;2022-08-12|2022-08-18;105.0;;2022-08-12
2022-08-19;2022-08-13|2022-08-19;104.0;;2022-08-13
2022-08-20;2022-08-14|2022-08-20;102.0;;2022-08-14
2022-08-21;2022-08-15|2022-08-21;101.0;;2022-08-15
2022-08-22;2022-08-16|2022-08-22;118.0;;2022-08-16
2022-08-23;2022-08-17|2022-08-23;108.0;;2022-08-17
2022-08-24;2022-08-18|2022-08-24;107.0;;2022-08-18
2022-08-25;2022-08-19|2022-08-25;104.0;;2022-08-19
2022-08-26;2022-08-20|2022-08-26;103.0;;2022-08-20
2022-08-27;2022-08-21|2022-08-27;104.0;;2022-08-21
2022-08-28;2022-08-22|2022-08-28;104.0;;2022-08-22
2022-08-29;2022-08-23|2022-08-29;103.0;;2022-08-23
2022-08-30;2022-08-24|2022-08-30;103.0;;2022-08-24
2022-08-31;2022-08-25|2022-08-31;103.0;;2022-08-25
2022-09-01;2022-08-26|2022-09-01;105.0;;2022-08-26
2022-09-02;2022-08-27|2022-09-02;105.0;;2022-08-27
2022-09-03;2022-08-28|2022-09-03;104.0;;2022-08-28
2022-09-04;2022-08-29|2022-09-04;104.0;;2022-08-29
2022-09-05;2022-08-30|2022-09-05;105.0;;2022-08-30
2022-09-06;2022-08-31|2022-09-06;104.0;;2022-08-31
2022-09-07;2022-09-01|2022-09-07;104.0;;2022-09-01
2022-09-08;2022-09-02|2022-09-08;106.0;;2022-09-02
2022-09-09;2022-09-03|2022-09-09;107.0;;2022-09-03
2022-09-10;2022-09-04|2022-09-10;108.0;;2022-09-04
2022-09-11;2022-09-05|2022-09-11;109.0;;2022-09-05
2022-09-12;2022-09-06|2022-09-12;120.0;;2022-09-06
2022-09-13;2022-09-07|2022-09-13;132.0;;2022-09-07
2022-09-14;2022-09-08|2022-09-14;145.0;;2022-09-08
2022-09-15;2022-09-09|2022-09-15;158.0;;2022-09-09
2022-09-16;2022-09-10|2022-09-16;170.0;;2022-09-10
2022-09-17;2022-09-11|2022-09-17;179.0;;2022-09-11
2022-09-18;2022-09-12|2022-09-18;181.0;;2022-09-12
2022-09-19;2022-09-13|2022-09-19;195.0;;2022-09-13
2022-09-20;2022-09-14|2022-09-20;203.0;;2022-09-14
2022-09-21;2022-09-15|2022-09-21;210.0;;2022-09-15
2022-09-22;2022-09-16|2022-09-22;218.0;;2022-09-16
2022-09-23;2022-09-17|2022-09-23;229.0;;2022-09-17
2022-09-24;2022-09-18|2022-09-24;241.0;;2022-09-18
2022-09-25;2022-09-19|2022-09-25;247.0;;2022-09-19
2022-09-26;2022-09-20|2022-09-26;277.0;;2022-09-20
2022-09-27;2022-09-21|2022-09-27;297.0;;2022-09-21
2022-09-28;2022-09-22|2022-09-28;316.0;;2022-09-22
2022-09-29;2022-09-23|2022-09-29;331.0;;2022-09-23
2022-09-30;2022-09-24|2022-09-30;344.0;;2022-09-24
2022-10-01;2022-09-25|2022-10-01;354.0;;2022-09-25
2022-10-02;2022-09-26|2022-10-02;355.0;;2022-09-26
2022-10-03;2022-09-27|2022-10-03;376.0;;2022-09-27
2022-10-04;2022-09-28|2022-10-04;389.0;;2022-09-28
2022-10-05;2022-09-29|2022-10-05;398.0;;2022-09-29
2022-10-06;2022-09-30|2022-10-06;411.0;;2022-09-30
2022-10-07;2022-10-01|2022-10-07;422.0;;2022-10-01
2022-10-08;2022-10-02|2022-10-08;422.0;;2022-10-02
2022-10-09;2022-10-03|2022-10-09;425.0;;2022-10-03
2022-10-10;2022-10-04|2022-10-10;429.0;;2022-10-04
2022-10-11;2022-10-05|2022-10-11;432.0;;2022-10-05
2022-10-12;2022-10-06|2022-10-12;439.0;;2022-10-06
2022-10-13;2022-10-07|2022-10-13;435.0;;2022-10-07
2022-10-14;2022-10-08|2022-10-14;432.0;;2022-10-08
2022-10-15;2022-10-09|2022-10-15;435.0;;2022-10-09
2022-10-16;2022-10-10|2022-10-16;432.0;;2022-10-10
2022-10-17;2022-10-11|2022-10-17;418.0;;2022-10-11
2022-10-18;2022-10-12|2022-10-18;408.0;;2022-10-12
2022-10-19;2022-10-13|2022-10-19;395.0;;2022-10-13
2022-10-20;2022-10-14|2022-10-20;383.0;;2022-10-14
2022-10-21;2022-10-15|2022-10-21;369.0;;2022-10-15
2022-10-22;2022-10-16|2022-10-22;356.0;;2022-10-16
2022-10-23;2022-10-17|2022-10-23;354.0;;2022-10-17
2022-10-24;2022-10-18|2022-10-24;329.0;;2022-10-18
2022-10-25;2022-10-19|2022-10-25;308.0;;2022-10-19
2022-10-26;2022-10-20|2022-10-26;286.0;;2022-10-20
2022-10-27;2022-10-21|2022-10-27;265.0;;2022-10-21
2022-10-28;2022-10-22|2022-10-28;246.0;;2022-10-22
2022-10-29;2022-10-23|2022-10-29;228.0;;2022-10-23
2022-10-30;2022-10-24|2022-10-30;221.0;;2022-10-24
2022-10-31;2022-10-25|2022-10-31;185.0;;2022-10-25
2022-11-01;2022-10-26|2022-11-01;151.0;;2022-10-26
2022-11-02;2022-10-27|2022-11-02;150.0;;2022-10-27
2022-11-03;2022-10-28|2022-11-03;146.0;;2022-10-28
2022-11-04;2022-10-29|2022-11-04;142.0;;2022-10-29
2022-11-05;2022-10-30|2022-11-05;141.0;;2022-10-30
2022-11-06;2022-10-31|2022-11-06;141.0;;2022-10-31
2022-11-07;2022-11-01|2022-11-07;146.0;;2022-11-01
2022-11-08;2022-11-02|2022-11-08;162.0;;2022-11-02
2022-11-09;2022-11-03|2022-11-09;148.0;;2022-11-03
2022-11-10;2022-11-04|2022-11-10;144.0;;2022-11-04
2022-11-11;2022-11-05|2022-11-11;129.0;;2022-11-05
2022-11-12;2022-11-06|2022-11-12;134.0;;2022-11-06
2022-11-13;2022-11-07|2022-11-13;135.0;;2022-11-07
2022-11-14;2022-11-08|2022-11-14;137.0;;2022-11-08
2022-11-15;2022-11-09|2022-11-15;138.0;;2022-11-09
2022-11-16;2022-11-10|2022-11-16;141.0;;2022-11-10
2022-11-17;2022-11-11|2022-11-17;147.0;;2022-11-11
2022-11-18;2022-11-12|2022-11-18;166.0;;2022-11-12
2022-11-19;2022-11-13|2022-11-19;167.0;;2022-11-13
2022-11-20;2022-11-14|2022-11-20;168.0;;2022-11-14
2022-11-21;2022-11-15|2022-11-21;179.0;;2022-11-15
2022-11-22;2022-11-16|2022-11-22;190.0;;2022-11-16
2022-11-23;2022-11-17|2022-11-23;200.0;;2022-11-17
2022-11-24;2022-11-18|2022-11-24;207.0;;2022-11-18
2022-11-25;2022-11-19|2022-11-25;212.0;;2022-11-19
2022-11-26;2022-11-20|2022-11-26;216.0;;2022-11-20
2022-11-27;2022-11-21|2022-11-27;217.0;;2022-11-21
2022-11-28;2022-11-22|2022-11-28;231.0;;2022-11-22
2022-11-29;2022-11-23|2022-11-29;240.0;;2022-11-23
2022-11-30;2022-11-24|2022-11-30;252.0;;2022-11-24
2022-12-01;2022-11-25|2022-12-01;258.0;;2022-11-25
2022-12-02;2022-11-26|2022-12-02;262.0;;2022-11-26
2022-12-03;2022-11-27|2022-12-03;265.0;;2022-11-27
2022-12-04;2022-11-28|2022-12-04;267.0;;2022-11-28
2022-12-05;2022-11-29|2022-12-05;273.0;;2022-11-29
2022-12-06;2022-11-30|2022-12-06;277.0;;2022-11-30
2022-12-07;2022-12-01|2022-12-07;276.0;;2022-12-01
2022-12-08;2022-12-02|2022-12-08;282.0;;2022-12-02
2022-12-09;2022-12-03|2022-12-09;288.0;;2022-12-03
2022-12-10;2022-12-04|2022-12-10;292.0;;2022-12-04
2022-12-11;2022-12-05|2022-12-11;293.0;;2022-12-05
2022-12-12;2022-12-06|2022-12-12;294.0;;2022-12-06
2022-12-13;2022-12-07|2022-12-13;295.0;;2022-12-07
2022-12-14;2022-12-08|2022-12-14;291.0;;2022-12-08
2022-12-15;2022-12-09|2022-12-15;286.0;;2022-12-09
2022-12-16;2022-12-10|2022-12-16;280.0;;2022-12-10
2022-12-17;2022-12-11|2022-12-17;276.0;;2022-12-11
2022-12-18;2022-12-12|2022-12-18;273.0;;2022-12-12
2022-12-19;2022-12-13|2022-12-19;259.0;;2022-12-13
2022-12-20;2022-12-14|2022-12-20;250.0;;2022-12-14
2022-12-21;2022-12-15|2022-12-21;243.0;;2022-12-15
2022-12-22;2022-12-16|2022-12-22;236.0;;2022-12-16
2022-12-23;2022-12-17|2022-12-23;232.0;;2022-12-17
2022-12-24;2022-12-18|2022-12-24;223.0;;2022-12-18
2022-12-25;2022-12-19|2022-12-25;217.0;;2022-12-19
2022-12-26;2022-12-20|2022-12-26;187.0;;2022-12-20
2022-12-27;2022-12-21|2022-12-27;164.0;;2022-12-21
2022-12-28;2022-12-22|2022-12-28;144.0;;2022-12-22
2022-12-29;2022-12-23|2022-12-29;127.0;;2022-12-23
2022-12-30;2022-12-24|2022-12-30;109.0;;2022-12-24
2022-12-31;2022-12-25|2022-12-31;99.0;;2022-12-25
2023-01-01;2022-12-26|2023-01-01;98.0;;2022-12-26
2023-01-02;2022-12-27|2023-01-02;92.0;;2022-12-27
2023-01-03;2022-12-28|2023-01-03;87.0;;2022-12-28
2023-01-04;2022-12-29|2023-01-04;83.0;;2022-12-29
2023-01-05;2022-12-30|2023-01-05;76.0;;2022-12-30
2023-01-06;2022-12-31|2023-01-06;70.0;;2022-12-31
2023-01-07;2023-01-01|2023-01-07;65.0;;2023-01-01
2023-01-08;2023-01-02|2023-01-08;65.0;;2023-01-02
2023-01-09;2023-01-03|2023-01-09;57.0;;2023-01-03
2023-01-10;2023-01-04|2023-01-10;52.0;;2023-01-04
2023-01-11;2023-01-05|2023-01-11;47.0;;2023-01-05
2023-01-12;2023-01-06|2023-01-12;43.0;;2023-01-06
2023-01-13;2023-01-07|2023-01-13;39.0;;2023-01-07
2023-01-14;2023-01-08|2023-01-14;38.0;;2023-01-08
2023-01-15;2023-01-09|2023-01-15;37.0;;2023-01-09
2023-01-16;2023-01-10|2023-01-16;35.0;;2023-01-10
2023-01-17;2023-01-11|2023-01-17;33.0;;2023-01-11
2023-01-18;2023-01-12|2023-01-18;32.0;;2023-01-12
2023-01-19;2023-01-13|2023-01-19;31.0;;2023-01-13
2023-01-20;2023-01-14|2023-01-20;30.0;;2023-01-14
2023-01-21;2023-01-15|2023-01-21;30.0;;2023-01-15
2023-01-22;2023-01-16|2023-01-22;30.0;;2023-01-16
2023-01-23;2023-01-17|2023-01-23;30.0;;2023-01-17
2023-01-24;2023-01-18|2023-01-24;31.0;;2023-01-18
2023-01-25;2023-01-19|2023-01-25;32.0;;2023-01-19
2023-01-26;2023-01-20|2023-01-26;34.0;;2023-01-20
2023-01-27;2023-01-21|2023-01-27;35.0;;2023-01-21
2023-01-28;2023-01-22|2023-01-28;35.0;;2023-01-22
2023-01-29;2023-01-23|2023-01-29;35.0;;2023-01-23
2023-01-30;2023-01-24|2023-01-30;35.0;;2023-01-24
2023-01-31;2023-01-25|2023-01-31;35.0;;2023-01-25
2023-02-01;2023-01-26|2023-02-01;35.0;;2023-01-26
2023-02-02;2023-01-27|2023-02-02;36.0;;2023-01-27
2023-02-03;2023-01-28|2023-02-03;36.0;;2023-01-28
2023-02-04;2023-01-29|2023-02-04;36.0;;2023-01-29
2023-02-05;2023-01-30|2023-02-05;36.0;;2023-01-30
2023-02-06;2023-01-31|2023-02-06;38.0;;2023-01-31
2023-02-07;2023-02-01|2023-02-07;40.0;;2023-02-01
2023-02-08;2023-02-02|2023-02-08;41.0;;2023-02-02
2023-02-09;2023-02-03|2023-02-09;41.0;;2023-02-03
2023-02-10;2023-02-04|2023-02-10;42.0;;2023-02-04
2023-02-11;2023-02-05|2023-02-11;43.0;;2023-02-05
2023-02-12;2023-02-06|2023-02-12;43.0;;2023-02-06
2023-02-13;2023-02-07|2023-02-13;45.0;;2023-02-07
2023-02-14;2023-02-08|2023-02-14;47.0;;2023-02-08
2023-02-15;2023-02-09|2023-02-15;50.0;;2023-02-09
2023-02-16;2023-02-10|2023-02-16;53.0;;2023-02-10
2023-02-17;2023-02-11|2023-02-17;56.0;;2023-02-11
2023-02-18;2023-02-12|2023-02-18;58.0;;2023-02-12
2023-02-19;2023-02-13|2023-02-19;59.0;;2023-02-13
2023-02-20;2023-02-14|2023-02-20;61.0;;2023-02-14
2023-02-21;2023-02-15|2023-02-21;62.0;;2023-02-15
2023-02-22;2023-02-16|2023-02-22;62.0;;2023-02-16
2023-02-23;2023-02-17|2023-02-23;62.0;;2023-02-17
2023-02-24;2023-02-18|2023-02-24;61.0;;2023-02-18
2023-02-25;2023-02-19|2023-02-25;60.0;;2023-02-19
2023-02-26;2023-02-20|2023-02-26;59.0;;2023-02-20
2023-02-27;2023-02-21|2023-02-27;58.0;;2023-02-21
2023-02-28;2023-02-22|2023-02-28;57.0;;2023-02-22
2023-03-01;2023-02-23|2023-03-01;56.0;;2023-02-23
2023-03-02;2023-02-24|2023-03-02;55.0;;2023-02-24
2023-03-03;2023-02-25|2023-03-03;53.0;;2023-02-25
2023-03-04;2023-02-26|2023-03-04;54.0;;2023-02-26
2023-03-05;2023-02-27|2023-03-05;54.0;;2023-02-27
2023-03-06;2023-02-28|2023-03-06;58.0;;2023-02-28
2023-03-07;2023-03-01|2023-03-07;61.0;;2023-03-01
2023-03-08;2023-03-02|2023-03-08;65.0;;2023-03-02
2023-03-09;2023-03-03|2023-03-09;71.0;;2023-03-03
2023-03-10;2023-03-04|2023-03-10;75.0;;2023-03-04
2023-03-11;2023-03-05|2023-03-11;78.0;;2023-03-05
2023-03-12;2023-03-06|2023-03-12;79.0;;2023-03-06
2023-03-13;2023-03-07|2023-03-13;80.0;;2023-03-07
2023-03-14;2023-03-08|2023-03-14;83.0;;2023-03-08
2023-03-15;2023-03-09|2023-03-15;85.0;;2023-03-09
2023-03-16;2023-03-10|2023-03-16;86.0;;2023-03-10
2023-03-17;2023-03-11|2023-03-17;87.0;;2023-03-11
2023-03-18;2023-03-12|2023-03-18;89.0;;2023-03-12
2023-03-19;2023-03-13|2023-03-19;89.0;;2023-03-13
2023-03-20;2023-03-14|2023-03-20;93.0;;2023-03-14
2023-03-21;2023-03-15|2023-03-21;95.0;;2023-03-15
2023-03-22;2023-03-16|2023-03-22;97.0;;2023-03-16
2023-03-23;2023-03-17|2023-03-23;99.0;;2023-03-17
2023-03-24;2023-03-18|2023-03-24;101.0;;2023-03-18
2023-03-25;2023-03-19|2023-03-25;103.0;;2023-03-19
2023-03-26;2023-03-20|2023-03-26;103.0;;2023-03-20
2023-03-27;2023-03-21|2023-03-27;103.0;;2023-03-21
2023-03-28;2023-03-22|2023-03-28;103.0;;2023-03-22
2023-03-29;2023-03-23|2023-03-29;103.0;;2023-03-23
2023-03-30;2023-03-24|2023-03-30;101.0;;2023-03-24
2023-03-31;2023-03-25|2023-03-31;99.0;;2023-03-25
2023-04-01;2023-03-26|2023-04-01;98.0;;2023-03-26
2023-04-02;2023-03-27|2023-04-02;98.0;;2023-03-27
2023-04-03;2023-03-28|2023-04-03;95.0;;2023-03-28
2023-04-04;2023-03-29|2023-04-04;92.0;;2023-03-29
2023-04-05;2023-03-30|2023-04-05;90.0;;2023-03-30
2023-04-06;2023-03-31|2023-04-06;90.0;;2023-03-31
2023-04-07;2023-04-01|2023-04-07;89.0;;2023-04-01
2023-04-08;2023-04-02|2023-04-08;87.0;;2023-04-02
2023-04-09;2023-04-03|2023-04-09;86.0;;2023-04-03
2023-04-10;2023-04-04|2023-04-10;71.0;;2023-04-04
2023-04-11;2023-04-05|2023-04-11;76.0;;2023-04-05
2023-04-12;2023-04-06|2023-04-12;75.0;;2023-04-06
2023-04-13;2023-04-07|2023-04-13;73.0;;2023-04-07
2023-04-14;2023-04-08|2023-04-14;71.0;;2023-04-08
2023-04-15;2023-04-09|2023-04-15;69.0;;2023-04-09
2023-04-16;2023-04-10|2023-04-16;69.0;;2023-04-10
2023-04-17;2023-04-11|2023-04-17;79.0;;2023-04-11
2023-04-18;2023-04-12|2023-04-18;70.0;;2023-04-12
2023-04-19;2023-04-13|2023-04-19;67.0;;2023-04-13
2023-04-20;2023-04-14|2023-04-20;64.0;;2023-04-14
2023-04-21;2023-04-15|2023-04-21;62.0;;2023-04-15
2023-04-22;2023-04-16|2023-04-22;61.0;;2023-04-16
2023-04-23;2023-04-17|2023-04-23;61.0;;2023-04-17
2023-04-24;2023-04-18|2023-04-24;58.0;;2023-04-18
2023-04-25;2023-04-19|2023-04-25;56.0;;2023-04-19
2023-04-26;2023-04-20|2023-04-26;53.0;;2023-04-20
2023-04-27;2023-04-21|2023-04-27;51.0;;2023-04-21
2023-04-28;2023-04-22|2023-04-28;48.0;;2023-04-22
2023-04-29;2023-04-23|2023-04-29;47.0;;2023-04-23
2023-04-30;2023-04-24|2023-04-30;47.0;;2023-04-24
2023-05-01;2023-04-25|2023-05-01;36.0;;2023-04-25
2023-05-02;2023-04-26|2023-05-02;38.0;;2023-04-26
2023-05-03;2023-04-27|2023-05-03;37.0;;2023-04-27
2023-05-04;2023-04-28|2023-05-04;36.0;;2023-04-28
2023-05-05;2023-04-29|2023-05-05;35.0;;2023-04-29
2023-05-06;2023-04-30|2023-05-06;34.0;;2023-04-30
2023-05-07;2023-05-01|2023-05-07;33.0;;2023-05-01
2023-05-08;2023-05-02|2023-05-08;34.0;;2023-05-02
2023-05-09;2023-05-03|2023-05-09;31.0;;2023-05-03
2023-05-10;2023-05-04|2023-05-10;29.0;;2023-05-04
2023-05-11;2023-05-05|2023-05-11;27.0;;2023-05-05
2023-05-12;2023-05-06|2023-05-12;26.0;;2023-05-06
2023-05-13;2023-05-07|2023-05-13;25.0;;2023-05-07
2023-05-14;2023-05-08|2023-05-14;25.0;;2023-05-08
2023-05-15;2023-05-09|2023-05-15;29.0;;2023-05-09
2023-05-16;2023-05-10|2023-05-16;26.0;;2023-05-10
2023-05-17;2023-05-11|2023-05-17;26.0;;2023-05-11
2023-05-18;2023-05-12|2023-05-18;23.0;;2023-05-12
2023-05-19;2023-05-13|2023-05-19;24.0;;2023-05-13
2023-05-20;2023-05-14|2023-05-20;23.0;;2023-05-14
2023-05-21;2023-05-15|2023-05-21;23.0;;2023-05-15
2023-05-22;2023-05-16|2023-05-22;23.0;;2023-05-16
2023-05-23;2023-05-17|2023-05-23;23.0;;2023-05-17
2023-05-24;2023-05-18|2023-05-24;24.0;;2023-05-18
2023-05-25;2023-05-19|2023-05-25;26.0;;2023-05-19
2023-05-26;2023-05-20|2023-05-26;25.0;;2023-05-20
2023-05-27;2023-05-21|2023-05-27;25.0;;2023-05-21
2023-05-28;2023-05-22|2023-05-28;25.0;;2023-05-22
2023-05-29;2023-05-23|2023-05-29;20.0;;2023-05-23
2023-05-30;2023-05-24|2023-05-30;22.0;;2023-05-24
2023-05-31;2023-05-25|2023-05-31;21.0;;2023-05-25
2023-06-01;2023-05-26|2023-06-01;21.0;;2023-05-26
2023-06-02;2023-05-27|2023-06-02;20.0;;2023-05-27
2023-06-03;2023-05-28|2023-06-03;20.0;;2023-05-28
2023-06-04;2023-05-29|2023-06-04;20.0;;2023-05-29
2023-06-05;2023-05-30|2023-06-05;23.0;;2023-05-30
2023-06-06;2023-05-31|2023-06-06;21.0;;2023-05-31
2023-06-07;2023-06-01|2023-06-07;20.0;;2023-06-01
2023-06-08;2023-06-02|2023-06-08;20.0;;2023-06-02
2023-06-09;2023-06-03|2023-06-09;19.0;;2023-06-03
2023-06-10;2023-06-04|2023-06-10;19.0;;2023-06-04
2023-06-11;2023-06-05|2023-06-11;18.0;;2023-06-05
2023-06-12;2023-06-06|2023-06-12;17.0;;2023-06-06
2023-06-13;2023-06-07|2023-06-13;16.0;;2023-06-07
2023-06-14;2023-06-08|2023-06-14;15.0;;2023-06-08
2023-06-15;2023-06-09|2023-06-15;14.0;;2023-06-09
2023-06-16;2023-06-10|2023-06-16;14.0;;2023-06-10
2023-06-17;2023-06-11|2023-06-17;13.0;;2023-06-11
2023-06-18;2023-06-12|2023-06-18;13.0;;2023-06-12
2023-06-19;2023-06-13|2023-06-19;13.0;;2023-06-13
2023-06-20;2023-06-14|2023-06-20;12.0;;2023-06-14
2023-06-21;2023-06-15|2023-06-21;12.0;;2023-06-15
2023-06-22;2023-06-16|2023-06-22;11.0;;2023-06-16
2023-06-23;2023-06-17|2023-06-23;11.0;;2023-06-17
2023-06-24;2023-06-18|2023-06-24;11.0;;2023-06-18
2023-06-25;2023-06-19|2023-06-25;11.0;;2023-06-19
2023-06-26;2023-06-20|2023-06-26;10.0;;2023-06-20
2023-06-27;2023-06-21|2023-06-27;10.0;;2023-06-21
