plantName;dateStart;obs;lod;plantVolume;meanVolume
PARIS_MARNE_AVAL;2020-03-04;12574.599399294917;5000;112789.0;45468.0
PARIS_SEINE-AMONT;2020-03-04;25588.956313347975;5000;815138.0;452285.0
PARIS_SEINE-MOREE;2020-03-05;34534.42436027782;5000;14818.0;14818.0
PARIS_MARNE_AVAL;2020-03-11;317991.05654588965;5000;94628.0;45468.0
PARIS_SEINE-AMONT;2020-03-11;338631.09897119494;5000;859699.0;452285.0
PARIS_SEINE-MOREE;2020-03-12;88787.96590232544;5000;14818.0;14818.0
PARIS_MARNE_AVAL;2020-04-02;2012537.8757827336;5000;64924.0;45468.0
PARIS_SEINE-MOREE;2020-04-03;4470299.676509422;5000;14818.0;14818.0
PARIS_MARNE_AVAL;2020-04-08;771961.5959163788;5000;63475.0;45468.0
PARIS_SEINE-AMONT;2020-04-08;2694582.304138815;5000;449348.0;452285.0
PARIS_SEINE-MOREE;2020-04-09;4055318.6428204663;5000;14818.0;14818.0
PARIS_SEINE-CENTRE;2020-04-14;2563146.7471632008;5000;203240.0;203240.0
PARIS_SEINE-AMONT;2020-04-15;419614.78925756586;5000;494144.0;452285.0
PARIS_MARNE_AVAL;2020-04-15;658299.7051781879;5000;59714.0;45468.0
PARIS_SEINE-MOREE;2020-04-16;356407.3617762299;5000;14818.0;14818.0
PARIS_SEINE-CENTRE;2020-04-16;160470.9540213626;5000;203240.0;203240.0
PARIS_SEINE-AMONT;2020-04-19;789253.6272296881;5000;520179.0;452285.0
PARIS_SEINE-CENTRE;2020-04-19;119074.5895425564;5000;203240.0;203240.0
PARIS_MARNE_AVAL;2020-04-19;139325.88536860637;5000;60371.0;45468.0
PARIS_SEINE-AMONT;2020-04-22;1570634.715154688;5000;494317.0;452285.0
PARIS_MARNE_AVAL;2020-04-22;1275822.6706719843;5000;58230.0;45468.0
PARIS_SEINE-MOREE;2020-04-23;310365.87198430335;5000;14818.0;14818.0
PARIS_SEINE-CENTRE;2020-04-27;1781.9730595395881;5000;203240.0;203240.0
PARIS_SEINE-AMONT;2020-04-27;256496.37969105973;5000;508389.0;452285.0
PARIS_MARNE_AVAL;2020-04-27;119431.8693740871;5000;57741.0;45468.0
PARIS_SEINE-AMONT;2020-04-29;83944.91705066;5000;552660.0;452285.0
PARIS_MARNE_AVAL;2020-04-29;56934.290113521914;5000;70769.0;45468.0
PARIS_SEINE-CENTRE;2020-04-30;38649.58555282786;5000;203240.0;203240.0
PARIS_SEINE-MOREE;2020-04-30;85596.6692933445;5000;14818.0;14818.0
PARIS_SEINE-AMONT;2020-05-03;74550.20987746466;5000;472505.0;452285.0
PARIS_SEINE-AMONT;2020-05-04;3051.0844255175653;5000;468219.0;452285.0
PARIS_MARNE_AVAL;2020-05-04;1640.5867206295218;5000;58126.0;45468.0
PARIS_SEINE-MOREE;2020-05-06;53653.6351780036;5000;14818.0;14818.0
PARIS_SEINE-AMONT;2020-05-06;669.6785466744797;5000;483308.0;452285.0
PARIS_SEINE-CENTRE;2020-05-06;2343.4030457081267;5000;203240.0;203240.0
PARIS_MARNE_AVAL;2020-05-06;29037.219962853887;5000;57542.0;45468.0
PARIS_SEINE-MOREE;2020-05-13;929.6113002521153;5000;14818.0;14818.0
PARIS_MARNE_AVAL;2020-05-13;2048.3835664436765;5000;57955.0;45468.0
PARIS_SEINE-AMONT;2020-05-13;832.3376720002977;5000;498454.0;452285.0
PARIS_SEINE-CENTRE;2020-05-14;681.266672201506;5000;203240.0;203240.0
PARIS_MARNE_AVAL;2020-05-18;642.2649204109363;5000;55580.0;45468.0
PARIS_SEINE-AMONT;2020-05-18;409.738486171286;5000;428437.0;452285.0
PARIS_SEINE-MOREE;2020-05-19;1871.3236363330223;5000;14818.0;14818.0
PARIS_SEINE-AMONT;2020-05-20;903.8020135448932;5000;410595.0;452285.0
PARIS_SEINE-CENTRE;2020-05-20;510.5836322104228;5000;203240.0;203240.0
PARIS_MARNE_AVAL;2020-05-20;1417.4115305891485;5000;56933.0;45468.0
PARIS_SEINE-AMONT;2020-05-21;1746.85414477662;5000;410595.0;452285.0
PARIS_SEINE-MOREE;2020-05-22;1148.7154831051057;5000;14818.0;14818.0
PARIS_MARNE_AVAL;2020-05-22;2091.6854760654146;5000;56259.0;45468.0
PARIS_MARNE_AVAL;2020-05-25;1067.9960994302294;5000;53295.0;45468.0
PARIS_SEINE-AMONT;2020-05-25;190.87899798014553;5000;466044.0;452285.0
PARIS_SEINE-MOREE;2020-05-26;2416.349919056223;5000;14818.0;14818.0
PARIS_SEINE-AMONT;2020-05-27;339.75200456003705;5000;462156.0;452285.0
PARIS_MARNE_AVAL;2020-05-27;918.2300999776382;5000;52871.0;45468.0
PARIS_SEINE-MOREE;2020-05-27;1227.235427382532;5000;14818.0;14818.0
PARIS_SEINE-CENTRE;2020-05-27;1201.1697819736687;5000;203240.0;203240.0
PARIS_SEINE-AMONT;2020-06-01;885.6620902210996;5000;463252.0;452285.0
PARIS_MARNE_AVAL;2020-06-01;644.7441408258558;5000;53750.0;45468.0
PARIS_SEINE-MOREE;2020-06-02;2639.1204230500207;5000;14818.0;14818.0
PARIS_SEINE-CENTRE;2020-06-02;1251.162463289279;5000;203240.0;203240.0
PARIS_SEINE-AMONT;2020-06-03;4873.406584962384;5000;955847.0;452285.0
PARIS_SEINE-MOREE;2020-06-03;1213.056346397271;5000;14818.0;14818.0
PARIS_MARNE_AVAL;2020-06-04;1482.174872439964;5000;83846.0;45468.0
PARIS_SEINE-CENTRE;2020-06-09;1820.2830862019932;5000;203240.0;203240.0
PARIS_SEINE-AMONT;2020-06-10;2523.564345815238;5000;471209.0;452285.0
PARIS_MARNE_AVAL;2020-06-10;877.8062649864615;5000;52457.0;45468.0
PARIS_SEINE-MOREE;2020-06-10;1373.7378441095796;5000;14818.0;14818.0
PARIS_SEINE-AMONT;2020-06-15;2382.2392218288446;5000;466690.0;452285.0
PARIS_MARNE_AVAL;2020-06-15;318.39845833853644;5000;50500.0;45468.0
PARIS_SEINE-MOREE;2020-06-15;836.3775657853954;5000;14818.0;14818.0
PARIS_SEINE-MOREE;2020-06-17;686.2045599330996;5000;14818.0;14818.0
PARIS_MARNE_AVAL;2020-06-17;919.5544496876826;5000;53392.0;45468.0
PARIS_SEINE-AMONT;2020-06-17;602.1356496181645;5000;454883.0;452285.0
PARIS_MARNE_AVAL;2020-06-22;1173.9717271874706;5000;50029.0;45468.0
PARIS_SEINE-MOREE;2020-06-22;513.0475946692454;5000;14818.0;14818.0
PARIS_SEINE-AMONT;2020-06-22;3743.8961596391023;5000;501196.0;452285.0
PARIS_SEINE-CENTRE;2020-06-23;1987.6080225527248;5000;203240.0;203240.0
PARIS_SEINE-MOREE;2020-06-24;699.567490413112;5000;14818.0;14818.0
PARIS_MARNE_AVAL;2020-06-24;214.39880393254035;5000;52553.0;45468.0
PARIS_SEINE-AMONT;2020-06-24;15488.139214738305;5000;464915.0;452285.0
PARIS_MARNE_AVAL;2020-06-29;293.7888469472098;5000;57662.0;45468.0
PARIS_SEINE-MOREE;2020-06-29;11773.573086633382;5000;14818.0;14818.0
PARIS_SEINE-AMONT;2020-06-29;2589.4201291518957;5000;438060.0;452285.0
PARIS_MARNE_AVAL;2020-07-01;359.44111711298547;5000;57662.0;45468.0
PARIS_SEINE-AMONT;2020-07-01;680.8018470431114;5000;445610.0;452285.0
PARIS_SEINE-CENTRE;2020-07-01;1176.8622885568427;5000;203240.0;203240.0
PARIS_SEINE-MOREE;2020-07-01;991.2533513495814;5000;14818.0;14818.0
PARIS_MARNE_AVAL;2020-07-06;2845.0804527908745;5000;49192.0;45468.0
PARIS_SEINE-AMONT;2020-07-06;1224.5087071660262;5000;386011.0;452285.0
PARIS_SEINE-MOREE;2020-07-06;20266.860183627923;5000;14818.0;14818.0
PARIS_SEINE-CENTRE;2020-07-08;399.1309923179406;5000;203240.0;203240.0
PARIS_MARNE_AVAL;2020-07-08;22721.250744375404;5000;49101.0;45468.0
PARIS_SEINE-AMONT;2020-07-08;680.7370066516346;5000;378456.0;452285.0
PARIS_SEINE-MOREE;2020-07-09;1463.0835539388647;5000;14818.0;14818.0
PARIS_MARNE_AVAL;2020-07-14;1447.6265201496637;5000;46194.0;45468.0
PARIS_SEINE-MOREE;2020-07-14;668.7146259062716;5000;14818.0;14818.0
PARIS_SEINE-AMONT;2020-07-14;1028.0414385205029;5000;344230.0;452285.0
PARIS_SEINE-CENTRE;2020-07-14;2134.814934594716;5000;203240.0;203240.0
PARIS_SEINE-MOREE;2020-07-15;4603.86107689793;5000;14818.0;14818.0
PARIS_MARNE_AVAL;2020-07-15;3417.636691800272;5000;51176.0;45468.0
PARIS_MARNE_AVAL;2020-07-20;1512.8354712004043;5000;44207.0;45468.0
PARIS_SEINE-AMONT;2020-07-20;1466.8181942104875;5000;395951.0;452285.0
PARIS_SEINE-MOREE;2020-07-20;2967.2511875581736;5000;14818.0;14818.0
PARIS_SEINE-CENTRE;2020-07-21;5492.248978978806;5000;203240.0;203240.0
PARIS_MARNE_AVAL;2020-07-22;625.1671616194761;5000;44878.0;45468.0
PARIS_SEINE-AMONT;2020-07-22;799.1755777119072;5000;406509.0;452285.0
PARIS_SEINE-MOREE;2020-07-23;4609.10394531794;5000;14818.0;14818.0
PARIS_SEINE-MOREE;2020-07-27;7691.737032232498;5000;14818.0;14818.0
PARIS_MARNE_AVAL;2020-07-27;38645.935646279795;5000;44621.0;45468.0
PARIS_SEINE-AMONT;2020-07-27;31517.746310829003;5000;410108.0;452285.0
PARIS_MARNE_AVAL;2020-07-29;34182.37376799304;5000;44470.0;45468.0
PARIS_SEINE-CENTRE;2020-07-29;752.6748719657769;5000;203240.0;203240.0
PARIS_SEINE-AMONT;2020-07-29;11098.116191186044;5000;406455.0;452285.0
PARIS_SEINE-MOREE;2020-07-29;40448.018453718105;5000;14818.0;14818.0
PARIS_SEINE-MOREE;2020-08-03;8518.740470622397;5000;14818.0;14818.0
PARIS_MARNE_AVAL;2020-08-03;2289.5028864215647;5000;46549.0;45468.0
PARIS_SEINE-AMONT;2020-08-03;54553.51895098935;5000;340171.0;452285.0
PARIS_MARNE_AVAL;2020-08-05;6152.996293315499;5000;43144.0;45468.0
PARIS_SEINE-MOREE;2020-08-05;9856.346266620378;5000;14818.0;14818.0
PARIS_SEINE-CENTRE;2020-08-05;507.79555378414744;5000;203240.0;203240.0
PARIS_SEINE-AMONT;2020-08-05;37780.15976736349;5000;368187.0;452285.0
PARIS_SEINE-MOREE;2020-08-10;7421.251148838988;5000;14818.0;14818.0
PARIS_SEINE-AMONT;2020-08-10;16393.377838722008;5000;371918.0;452285.0
PARIS_MARNE_AVAL;2020-08-10;17632.58546000183;5000;44854.0;45468.0
PARIS_SEINE-AMONT;2020-08-12;33242.7928433166;5000;513605.0;452285.0
PARIS_MARNE_AVAL;2020-08-12;37866.40071430023;5000;45122.0;45468.0
PARIS_SEINE-MOREE;2020-08-12;11447.481779196654;5000;14818.0;14818.0
PARIS_SEINE-CENTRE;2020-08-12;1820.5198756444715;5000;203240.0;203240.0
PARIS_MARNE_AVAL;2020-08-17;55633.913694118186;5000;57475.0;45468.0
PARIS_SEINE-MOREE;2020-08-17;43628.630854565155;5000;13240.0;14818.0
PARIS_SEINE-AMONT;2020-08-17;33354.98853357036;5000;545388.0;452285.0
PARIS_MARNE_AVAL;2020-08-19;64764.94192295859;5000;41782.0;45468.0
PARIS_SEINE-AMONT;2020-08-19;12656.25730191118;5000;382542.0;452285.0
PARIS_SEINE-CENTRE;2020-08-19;5441.19318405444;5000;203240.0;203240.0
PARIS_SEINE-MOREE;2020-08-19;41620.57923700403;5000;15000.0;14818.0
PARIS_MARNE_AVAL;2020-08-24;8328.263216148676;5000;43569.0;45468.0
PARIS_SEINE-AMONT;2020-08-24;46338.78961996623;5000;395461.0;452285.0
PARIS_SEINE-MOREE;2020-08-25;23732.36161511066;5000;15000.0;14818.0
PARIS_MARNE_AVAL;2020-08-26;24840.641729697218;5000;44393.0;45468.0
PARIS_SEINE-AMONT;2020-08-26;45970.14321749652;5000;398095.0;452285.0
PARIS_SEINE-MOREE;2020-08-26;109243.45954301626;5000;15000.0;14818.0
PARIS_SEINE-MOREE;2020-08-31;89377.20798343315;5000;15000.0;14818.0
PARIS_MARNE_AVAL;2020-08-31;80227.12495915554;5000;49465.0;45468.0
PARIS_SEINE-AMONT;2020-08-31;26179.015520662895;5000;440155.0;452285.0
PARIS_SEINE-AMONT;2020-09-02;36402.947703035104;5000;432193.0;452285.0
PARIS_SEINE-CENTRE;2020-09-02;918.1497089409188;5000;203240.0;203240.0
PARIS_MARNE_AVAL;2020-09-02;14350.117490179488;5000;49700.0;45468.0
PARIS_SEINE-MOREE;2020-09-03;117458.78315120869;5000;15000.0;14818.0
PARIS_SEINE-AMONT;2020-09-07;118425.68813327188;5000;387552.0;452285.0
PARIS_SEINE-MOREE;2020-09-07;13453.648534706428;5000;15000.0;14818.0
PARIS_MARNE_AVAL;2020-09-07;17754.153414450593;5000;26662.0;45468.0
PARIS_SEINE-CENTRE;2020-09-09;49348.75701021311;5000;203240.0;203240.0
PARIS_MARNE_AVAL;2020-09-09;74319.0604116304;5000;17827.0;45468.0
PARIS_SEINE-MOREE;2020-09-09;59340.57774228096;5000;15260.0;14818.0
PARIS_SEINE-AMONT;2020-09-09;20983.053328663344;5000;419306.0;452285.0
PARIS_MARNE_AVAL;2020-09-14;15618.198084439064;5000;33122.0;45468.0
PARIS_SEINE-MOREE;2020-09-14;2704.29566762657;5000;1940.0;14818.0
PARIS_SEINE-AMONT;2020-09-14;77966.87584219541;5000;439745.0;452285.0
PARIS_MARNE_AVAL;2020-09-16;20874.97945318359;5000;39727.0;45468.0
PARIS_SEINE-CENTRE;2020-09-16;1602.3601039627322;5000;203240.0;203240.0
PARIS_SEINE-AMONT;2020-09-16;196297.85090129776;5000;433837.0;452285.0
PARIS_MARNE_AVAL;2020-09-21;147382.33302878324;5000;36707.0;45468.0
PARIS_SEINE-MOREE;2020-09-21;171043.1108300672;5000;12160.0;14818.0
PARIS_SEINE-AMONT;2020-09-21;73688.6846413635;5000;453346.0;452285.0
PARIS_SEINE-MOREE;2020-09-23;118223.24577043287;5000;14990.0;14818.0
PARIS_MARNE_AVAL;2020-09-23;243999.70406454193;5000;50328.0;45468.0
PARIS_SEINE-AMONT;2020-09-23;97832.67802944321;5000;567878.0;452285.0
PARIS_SEINE-AMONT;2020-09-28;150501.45272612968;5000;500276.0;452285.0
PARIS_SEINE-MOREE;2020-09-28;134661.55434812896;5000;12288.0;14818.0
PARIS_MARNE_AVAL;2020-09-28;101259.01955806877;5000;51890.0;45468.0
PARIS_SEINE-MOREE;2020-09-30;79412.01030957504;5000;14818.0;14818.0
PARIS_MARNE_AVAL;2020-09-30;73991.95593556808;5000;36451.0;45468.0
PARIS_SEINE-AMONT;2020-09-30;137653.11095323705;5000;307722.0;452285.0
PARIS_SEINE-AMONT;2020-10-05;20162.343220928815;5000;530416.0;452285.0
PARIS_SEINE-MOREE;2020-10-05;322247.3160142869;5000;14818.0;14818.0
PARIS_MARNE_AVAL;2020-10-05;172192.06205248082;5000;49490.0;45468.0
PARIS_SEINE-CENTRE;2020-10-07;82336.1235554286;5000;203240.0;203240.0
PARIS_MARNE_AVAL;2020-10-07;140877.48201704526;5000;39101.0;45468.0
PARIS_SEINE-AMONT;2020-10-07;386224.63468630746;5000;354761.0;452285.0
PARIS_SEINE-MOREE;2020-10-12;160608.1147956872;5000;14818.0;14818.0
PARIS_MARNE_AVAL;2020-10-12;88421.00482513214;5000;34513.0;45468.0
PARIS_SEINE-AMONT;2020-10-12;229638.29059315895;5000;316109.0;452285.0
PARIS_SEINE-AMONT;2020-10-14;206262.38921020462;5000;335509.0;452285.0
PARIS_MARNE_AVAL;2020-10-14;308565.19239467493;5000;34369.0;45468.0
PARIS_SEINE-MOREE;2020-10-14;1560985.1390432252;5000;14818.0;14818.0
PARIS_SEINE-CENTRE;2020-10-14;2602.606266461916;5000;203240.0;203240.0
PARIS_SEINE-MOREE;2020-10-19;1480084.835132203;5000;14818.0;14818.0
PARIS_SEINE-AMONT;2020-10-19;1008823.40367027;5000;300735.0;452285.0
PARIS_MARNE_AVAL;2020-10-19;820264.1381195972;5000;35572.0;45468.0
PARIS_SEINE-CENTRE;2020-10-20;156757.863540594;5000;203240.0;203240.0
PARIS_SEINE-MOREE;2020-10-21;167221.6051785982;5000;14818.0;14818.0
PARIS_SEINE-AMONT;2020-10-21;103217.88384717709;5000;380524.0;452285.0
PARIS_MARNE_AVAL;2020-10-21;183409.95703726006;5000;35061.0;45468.0
PARIS_SEINE-MOREE;2020-10-26;209122.91405880448;5000;14818.0;14818.0
PARIS_MARNE_AVAL;2020-10-26;284430.66367642564;5000;34264.0;45468.0
PARIS_SEINE-AMONT;2020-10-26;105518.55719668072;5000;327713.0;452285.0
PARIS_SEINE-CENTRE;2020-10-27;190407.68052918112;5000;203240.0;203240.0
PARIS_SEINE-AMONT;2020-10-28;213786.37590562584;5000;357085.0;452285.0
PARIS_MARNE_AVAL;2020-10-28;121819.71650038037;5000;37340.0;45468.0
PARIS_SEINE-MOREE;2020-10-28;304875.45770219597;5000;14818.0;14818.0
PARIS_SEINE-CENTRE;2020-11-02;186272.83209795685;5000;203240.0;203240.0
PARIS_SEINE-MOREE;2020-11-02;224106.57105424366;5000;14818.0;14818.0
PARIS_SEINE-AMONT;2020-11-02;163633.15469008297;5000;342957.0;452285.0
PARIS_MARNE_AVAL;2020-11-02;319828.7850762835;5000;33425.0;45468.0
PARIS_MARNE_AVAL;2020-11-04;381060.7465784186;5000;34529.0;45468.0
PARIS_SEINE-AMONT;2020-11-04;150681.35696798333;5000;325275.0;452285.0
PARIS_SEINE-MOREE;2020-11-04;556896.5703760324;5000;14818.0;14818.0
PARIS_SEINE-MOREE;2020-11-09;109995.80731318236;5000;14818.0;14818.0
PARIS_SEINE-AMONT;2020-11-09;146605.97420160382;5000;377878.0;452285.0
PARIS_MARNE_AVAL;2020-11-09;135869.34623472334;5000;33275.0;45468.0
PARIS_SEINE-AMONT;2020-11-11;137990.4148636883;5000;373260.0;452285.0
PARIS_SEINE-MOREE;2020-11-11;66688.78535483411;5000;14818.0;14818.0
PARIS_MARNE_AVAL;2020-11-11;127100.07784256246;5000;37367.0;45468.0
PARIS_SEINE-CENTRE;2020-11-11;640641.9287702327;5000;203240.0;203240.0
PARIS_SEINE-AMONT;2020-11-16;61662.03901687454;5000;469390.0;452285.0
PARIS_SEINE-MOREE;2020-11-16;141798.4309964556;5000;14818.0;14818.0
PARIS_MARNE_AVAL;2020-11-16;48598.193725286634;5000;49985.0;45468.0
PARIS_SEINE-CENTRE;2020-11-18;32298.924607833073;5000;203240.0;203240.0
PARIS_SEINE-AMONT;2020-11-18;126702.64877887977;5000;454138.0;452285.0
PARIS_MARNE_AVAL;2020-11-18;332994.71538367344;5000;50645.0;45468.0
PARIS_SEINE-MOREE;2020-11-18;82041.22738712704;5000;14818.0;14818.0
PARIS_SEINE-AMONT;2020-11-23;82945.53038130369;5000;441098.0;452285.0
PARIS_MARNE_AVAL;2020-11-23;38992.95130035339;5000;53734.0;45468.0
PARIS_SEINE-MOREE;2020-11-23;65611.4138321938;5000;14818.0;14818.0
PARIS_SEINE-CENTRE;2020-11-24;455020.98331277404;5000;203240.0;203240.0
PARIS_SEINE-AMONT;2020-11-25;65462.922331183996;5000;420573.0;452285.0
PARIS_SEINE-MOREE;2020-11-25;132874.77832943108;5000;14818.0;14818.0
PARIS_MARNE_AVAL;2020-11-25;345192.944074302;5000;56476.0;45468.0
PARIS_MARNE_AVAL;2020-11-30;47338.864553164356;5000;53437.0;45468.0
PARIS_SEINE-AMONT;2020-11-30;27815.639567809318;5000;430121.0;452285.0
PARIS_SEINE-MOREE;2020-11-30;111228.20944295166;5000;14818.0;14818.0
PARIS_MARNE_AVAL;2020-12-02;84678.04358582552;5000;52666.0;45468.0
PARIS_SEINE-CENTRE;2020-12-02;28497.751710547716;5000;203240.0;203240.0
PARIS_SEINE-MOREE;2020-12-02;457948.5499013727;5000;14818.0;14818.0
PARIS_SEINE-AMONT;2020-12-02;117679.85533540763;5000;428025.0;452285.0
PARIS_SEINE-MOREE;2020-12-07;104234.47490540979;5000;14818.0;14818.0
PARIS_SEINE-AMONT;2020-12-07;164576.13491225702;5000;464079.0;452285.0
PARIS_MARNE_AVAL;2020-12-07;71684.00601096309;5000;54200.0;45468.0
PARIS_SEINE-CENTRE;2020-12-08;179304.54702609548;5000;203240.0;203240.0
PARIS_MARNE_AVAL;2020-12-09;56502.99578609112;5000;56831.0;45468.0
PARIS_SEINE-AMONT;2020-12-09;168078.165020977;5000;363409.0;452285.0
PARIS_SEINE-MOREE;2020-12-09;24621.066552902987;5000;14818.0;14818.0
PARIS_SEINE-AMONT;2020-12-14;2482.9862223020677;5000;559881.0;452285.0
PARIS_MARNE_AVAL;2020-12-14;17355.534688352083;5000;73420.0;45468.0
PARIS_SEINE-MOREE;2020-12-14;6718.5215972788565;5000;14818.0;14818.0
PARIS_SEINE-CENTRE;2020-12-15;152763.31496031326;5000;203240.0;203240.0
PARIS_MARNE_AVAL;2020-12-16;52211.310842289015;5000;58134.0;45468.0
PARIS_SEINE-MOREE;2020-12-16;77803.76576782887;5000;14818.0;14818.0
PARIS_SEINE-AMONT;2020-12-16;55592.34592190521;5000;537451.0;452285.0
PARIS_SEINE-MOREE;2020-12-21;49778.01989734614;5000;14818.0;14818.0
PARIS_MARNE_AVAL;2020-12-21;72802.18383652388;5000;85856.0;45468.0
PARIS_SEINE-AMONT;2020-12-21;114302.92796147747;5000;970206.0;452285.0
PARIS_SEINE-CENTRE;2020-12-22;32912.20404127539;5000;203240.0;203240.0
PARIS_SEINE-MOREE;2020-12-23;5292.459812283453;5000;14818.0;14818.0
PARIS_SEINE-AMONT;2020-12-23;31231.89749631797;5000;940400.0;452285.0
PARIS_MARNE_AVAL;2020-12-23;9324.769326410038;5000;99751.0;45468.0
PARIS_SEINE-AMONT;2020-12-28;81007.90484930815;5000;1100859.0;452285.0
PARIS_SEINE-MOREE;2020-12-28;37344.38164676;5000;14818.0;14818.0
PARIS_MARNE_AVAL;2020-12-28;92157.90723061698;5000;85887.0;45468.0
PARIS_SEINE-CENTRE;2020-12-29;84668.18142246401;5000;203240.0;203240.0
PARIS_SEINE-MOREE;2020-12-30;141130.5633312234;5000;14818.0;14818.0
PARIS_MARNE_AVAL;2020-12-30;29802.210600640592;5000;79795.0;45468.0
PARIS_SEINE-AMONT;2020-12-30;49297.61910904729;5000;683119.0;452285.0
PARIS_SEINE-MOREE;2021-01-04;240854.60027500283;5000;14818.0;14818.0
PARIS_MARNE_AVAL;2021-01-04;322973.4003332537;5000;66879.0;45468.0
PARIS_SEINE-AMONT;2021-01-04;317881.8368011653;5000;553318.0;452285.0
PARIS_SEINE-CENTRE;2021-01-05;133029.4243308486;5000;203240.0;203240.0
PARIS_MARNE_AVAL;2021-01-06;14982.810051949376;5000;62463.0;45468.0
PARIS_SEINE-MOREE;2021-01-06;239855.191265934;5000;14818.0;14818.0
PARIS_SEINE-AMONT;2021-01-06;82668.71880825923;5000;534996.0;452285.0
PARIS_SEINE-MOREE;2021-01-11;101838.31964113351;5000;14818.0;14818.0
PARIS_MARNE_AVAL;2021-01-11;79815.73520429725;5000;61513.0;45468.0
PARIS_SEINE-AMONT;2021-01-11;59445.027317981454;5000;503314.0;452285.0
PARIS_SEINE-CENTRE;2021-01-12;41792.555349105096;5000;203240.0;203240.0
PARIS_MARNE_AVAL;2021-01-13;105605.92421735512;5000;72095.0;45468.0
PARIS_SEINE-AMONT;2021-01-13;47112.10272417582;5000;623486.0;452285.0
PARIS_SEINE-MOREE;2021-01-13;173900.6580897894;5000;14818.0;14818.0
PARIS_MARNE_AVAL;2021-01-18;351458.42189687485;5000;66105.0;45468.0
PARIS_SEINE-AMONT;2021-01-18;11637.630531930505;5000;663167.0;452285.0
PARIS_SEINE-MOREE;2021-01-18;184607.81633697377;5000;14818.0;14818.0
PARIS_SEINE-CENTRE;2021-01-19;28595.731372743267;5000;203240.0;203240.0
PARIS_SEINE-AMONT;2021-01-20;63157.794198456024;5000;641608.0;452285.0
PARIS_SEINE-MOREE;2021-01-20;39533.55649156955;5000;14818.0;14818.0
PARIS_MARNE_AVAL;2021-01-20;21827.78691211386;5000;68139.0;45468.0
PARIS_SEINE-MOREE;2021-01-25;167037.05033962888;5000;14818.0;14818.0
PARIS_SEINE-AMONT;2021-01-25;87295.31466964829;5000;730621.0;452285.0
PARIS_MARNE_AVAL;2021-01-25;64906.35239904296;5000;81590.0;45468.0
PARIS_SEINE-CENTRE;2021-01-26;158176.45327840833;5000;203240.0;203240.0
PARIS_SEINE-AMONT;2021-01-27;91186.25099758295;5000;809927.0;452285.0
PARIS_SEINE-MOREE;2021-01-27;70431.67692038597;5000;14818.0;14818.0
PARIS_MARNE_AVAL;2021-01-27;5665.4613893496535;5000;88509.0;45468.0
PARIS_SEINE-MOREE;2021-02-01;154937.59228801035;5000;14818.0;14818.0
PARIS_SEINE-AMONT;2021-02-01;66257.12613702852;5000;899383.3979681976;452285.0
PARIS_MARNE_AVAL;2021-02-01;60502.12011451443;5000;107876.0;45468.0
PARIS_SEINE-MOREE;2021-02-03;95137.81384611409;5000;14818.0;14818.0
PARIS_SEINE-CENTRE;2021-02-03;26743.274739599412;5000;229422.0;203240.0
PARIS_MARNE_AVAL;2021-02-03;54705.72164630008;5000;114743.0;45468.0
PARIS_SEINE-AMONT;2021-02-03;39683.80358328463;5000;1047171.175646551;452285.0
PARIS_SEINE-CENTRE;2021-02-07;54048.62365214066;5000;203240.0;203240.0
PARIS_SEINE-MOREE;2021-02-08;226620.82147898374;5000;14818.0;14818.0
PARIS_MARNE_AVAL;2021-02-08;121571.02344484253;5000;85246.0;45468.0
PARIS_SEINE-AMONT;2021-02-08;152086.46172377715;5000;953855.0;452285.0
PARIS_SEINE-MOREE;2021-02-10;192563.0972322363;5000;14818.0;14818.0
PARIS_SEINE-CENTRE;2021-02-10;54739.656280152696;5000;240202.0;203240.0
PARIS_SEINE-AMONT;2021-02-10;155872.4964660913;5000;842932.0;452285.0
PARIS_SEINE-CENTRE;2021-02-14;149661.47073724103;5000;203240.0;203240.0
PARIS_SEINE-AMONT;2021-02-15;54745.3419290605;5000;663719.0;452285.0
PARIS_MARNE_AVAL;2021-02-15;142116.50690517022;5000;52220.0;45468.0
PARIS_SEINE-MOREE;2021-02-15;819374.3836470195;5000;14818.0;14818.0
PARIS_SEINE-CENTRE;2021-02-17;14294.756327430749;5000;224613.0;203240.0
PARIS_SEINE-MOREE;2021-02-17;44502.233916478806;5000;14818.0;14818.0
PARIS_SEINE-AMONT;2021-02-17;280778.0015838958;5000;697668.0;452285.0
PARIS_MARNE_AVAL;2021-02-17;171065.7999809582;5000;49414.0;45468.0
PARIS_SEINE-MOREE;2021-02-22;472791.9229421673;5000;14818.0;14818.0
PARIS_SEINE-AMONT;2021-02-22;57829.572593681645;5000;600591.0;452285.0
PARIS_MARNE_AVAL;2021-02-22;19722.521818088328;5000;67668.0;45468.0
PARIS_SEINE-CENTRE;2021-02-24;237962.8632644465;5000;182946.0;203240.0
PARIS_SEINE-MOREE;2021-02-24;147452.72950965;5000;14818.0;14818.0
PARIS_MARNE_AVAL;2021-02-24;49631.31868318554;5000;69005.0;45468.0
PARIS_SEINE-AMONT;2021-02-24;135843.99720613542;5000;572887.0;452285.0
PARIS_SEINE-CENTRE;2021-02-28;151898.6049187822;5000;187486.0;203240.0
PARIS_MARNE_AVAL;2021-03-01;636000.9909776917;5000;67763.0;45468.0
PARIS_SEINE-AMONT;2021-03-01;335264.0579927279;5000;592492.0;452285.0
PARIS_SEINE-MOREE;2021-03-01;90910.07931193849;5000;14818.0;14818.0
PARIS_SEINE-AMONT;2021-03-03;57199.17141288971;5000;448387.0;452285.0
PARIS_SEINE-CENTRE;2021-03-03;367423.532162674;5000;190721.0;203240.0
PARIS_MARNE_AVAL;2021-03-03;113570.34764317315;5000;66748.0;45468.0
PARIS_SEINE-CENTRE;2021-03-07;209432.16074280546;5000;187560.0;203240.0
PARIS_SEINE-AMONT;2021-03-08;431424.6241333271;5000;541801.0;452285.0
PARIS_MARNE_AVAL;2021-03-09;230891.5426257881;5000;63236.0;45468.0
PARIS_SEINE-CENTRE;2021-03-10;38686.141537346986;5000;185883.0;203240.0
PARIS_MARNE_AVAL;2021-03-10;385672.9167301878;5000;65365.0;45468.0
PARIS_SEINE-AMONT;2021-03-10;151466.68433389944;5000;530145.0;452285.0
PARIS_SEINE-CENTRE;2021-03-14;203462.79866193363;5000;235075.0;203240.0
PARIS_SEINE-AMONT;2021-03-15;279757.1190603953;5000;669198.0;452285.0
PARIS_MARNE_AVAL;2021-03-15;271726.7259366199;5000;73838.0;45468.0
PARIS_SEINE-CENTRE;2021-03-17;417039.5079267616;5000;238278.0;203240.0
PARIS_MARNE_AVAL;2021-03-17;290252.69155667437;5000;72239.0;45468.0
PARIS_SEINE-AMONT;2021-03-17;432794.047276664;5000;585940.0;452285.0
PARIS_SEINE-MOREE;2021-03-17;526391.371040798;5000;14818.0;14818.0
PARIS_SEINE-CENTRE;2021-03-21;430317.1780783858;5000;185478.0;203240.0
PARIS_SEINE-AMONT;2021-03-22;414106.1962904562;5000;582343.0;452285.0
PARIS_SEINE-MOREE;2021-03-22;914499.8766825558;5000;14818.0;14818.0
PARIS_MARNE_AVAL;2021-03-22;1033776.7641415299;5000;63249.0;45468.0
PARIS_SEINE-MOREE;2021-03-24;493748.7044143709;5000;14818.0;14818.0
PARIS_SEINE-AMONT;2021-03-24;436778.4347696525;5000;521406.0;452285.0
PARIS_SEINE-CENTRE;2021-03-24;165314.8955911272;5000;195963.0;203240.0
PARIS_MARNE_AVAL;2021-03-24;832935.7119087762;5000;64662.0;45468.0
PARIS_SEINE-CENTRE;2021-03-28;388984.49991932325;5000;182681.0;203240.0
PARIS_SEINE-MOREE;2021-03-29;434007.8293644442;5000;14818.0;14818.0
PARIS_SEINE-AMONT;2021-03-29;501112.85757551825;5000;584363.0;452285.0
PARIS_MARNE_AVAL;2021-03-29;703447.4525909544;5000;43613.0;45468.0
PARIS_MARNE_AVAL;2021-03-31;233420.70050949365;5000;38943.0;45468.0
PARIS_SEINE-AMONT;2021-03-31;710825.0978752257;5000;554297.0;452285.0
PARIS_SEINE-MOREE;2021-03-31;662264.380933665;5000;14818.0;14818.0
PARIS_SEINE-CENTRE;2021-04-04;271038.4258493739;5000;154381.0;203240.0
PARIS_SEINE-AMONT;2021-04-05;110866.84100369905;5000;561832.0;452285.0
PARIS_MARNE_AVAL;2021-04-05;585020.8739434731;5000;36717.0;45468.0
PARIS_SEINE-MOREE;2021-04-05;601155.5681442231;5000;14818.0;14818.0
PARIS_SEINE-CENTRE;2021-04-07;168238.65706480504;5000;88162.0;203240.0
PARIS_MARNE_AVAL;2021-04-07;421892.47184278286;5000;36017.0;45468.0
PARIS_SEINE-MOREE;2021-04-07;508807.5000211308;5000;14818.0;14818.0
PARIS_SEINE-AMONT;2021-04-07;613883.318611877;5000;577263.0;452285.0
PARIS_SEINE-CENTRE;2021-04-11;163966.37998299216;5000;244178.0;203240.0
PARIS_SEINE-MOREE;2021-04-12;240851.18193695726;5000;14818.0;14818.0
PARIS_MARNE_AVAL;2021-04-12;245832.40930177548;5000;42292.0;45468.0
PARIS_SEINE-AMONT;2021-04-12;106394.87889697446;5000;688324.0;452285.0
PARIS_SEINE-CENTRE;2021-04-14;318666.68393311545;5000;258300.0;203240.0
PARIS_SEINE-AMONT;2021-04-14;212595.27593547426;5000;605786.0;452285.0
PARIS_MARNE_AVAL;2021-04-14;300353.68926146853;5000;39851.0;45468.0
PARIS_SEINE-MOREE;2021-04-14;216087.4522558642;5000;14818.0;14818.0
PARIS_SEINE-CENTRE;2021-04-18;420602.5829164282;5000;243648.0;203240.0
PARIS_MARNE_AVAL;2021-04-19;277312.2946001737;5000;37294.0;45468.0
PARIS_SEINE-MOREE;2021-04-19;191677.92318985617;5000;14818.0;14818.0
PARIS_SEINE-AMONT;2021-04-19;426639.31383515784;5000;564990.0;452285.0
PARIS_MARNE_AVAL;2021-04-21;232426.17961403794;5000;37467.0;45468.0
PARIS_SEINE-MOREE;2021-04-21;282021.18312813865;5000;14818.0;14818.0
PARIS_SEINE-AMONT;2021-04-21;190030.73086874158;5000;455412.0;452285.0
PARIS_SEINE-AMONT;2021-04-26;554162.7398244999;5000;549997.0;452285.0
PARIS_SEINE-CENTRE;2021-04-26;93727.39918053153;5000;249360.0;203240.0
PARIS_SEINE-MOREE;2021-04-26;265954.3955645463;5000;14818.0;14818.0
PARIS_MARNE_AVAL;2021-04-26;820885.2810459505;5000;37597.0;45468.0
PARIS_SEINE-AMONT;2021-04-28;195033.37423849542;5000;593235.0;452285.0
PARIS_SEINE-MOREE;2021-04-28;569625.1422108001;5000;14818.0;14818.0
PARIS_MARNE_AVAL;2021-04-28;261905.6210781866;5000;39924.0;45468.0
PARIS_SEINE-MOREE;2021-05-03;234417.67382089206;5000;14818.0;14818.0
PARIS_MARNE_AVAL;2021-05-03;375437.84492216306;5000;56732.0;45468.0
PARIS_SEINE-CENTRE;2021-05-03;252055.9423494066;5000;242805.0;203240.0
PARIS_SEINE-AMONT;2021-05-03;256639.29792338915;5000;518029.0;452285.0
PARIS_SEINE-CENTRE;2021-05-05;331672.9857560428;5000;149440.0;203240.0
PARIS_SEINE-MOREE;2021-05-05;154625.73535125525;5000;14818.0;14818.0
PARIS_MARNE_AVAL;2021-05-05;132243.84499582404;5000;59051.0;45468.0
PARIS_SEINE-AMONT;2021-05-05;168070.6312031377;5000;516726.0;452285.0
PARIS_SEINE-CENTRE;2021-05-09;49234.21883837092;5000;151307.0;203240.0
PARIS_SEINE-MOREE;2021-05-10;135691.26728582763;5000;19880.0;14818.0
PARIS_SEINE-AMONT;2021-05-10;22289.790313914255;5000;721400.0;452285.0
PARIS_MARNE_AVAL;2021-05-10;12301.345687511573;5000;68282.0;45468.0
PARIS_SEINE-CENTRE;2021-05-12;89981.55037247868;5000;203240.0;203240.0
PARIS_SEINE-MOREE;2021-05-13;262251.14090634225;5000;19650.0;14818.0
PARIS_SEINE-AMONT;2021-05-13;61014.92521542106;5000;721189.0;452285.0
PARIS_MARNE_AVAL;2021-05-13;115136.98000748358;5000;65577.0;45468.0
PARIS_SEINE-CENTRE;2021-05-16;59399.20304959036;5000;185206.0;203240.0
PARIS_MARNE_AVAL;2021-05-17;50566.44745617036;5000;58954.0;45468.0
PARIS_SEINE-AMONT;2021-05-17;61525.91294777946;5000;767839.0;452285.0
PARIS_SEINE-MOREE;2021-05-17;35049.401793263874;5000;22730.0;14818.0
PARIS_SEINE-AMONT;2021-05-19;111523.81973640328;5000;630247.0;452285.0
PARIS_MARNE_AVAL;2021-05-19;74584.46039468638;5000;64370.0;45468.0
PARIS_SEINE-CENTRE;2021-05-19;55434.43472335107;5000;240315.0;203240.0
PARIS_SEINE-MOREE;2021-05-19;112102.57069008483;5000;24650.0;14818.0
PARIS_SEINE-CENTRE;2021-05-23;71243.09284357185;5000;237509.0;203240.0
PARIS_SEINE-AMONT;2021-05-24;61574.427047341414;5000;650788.0;452285.0
PARIS_MARNE_AVAL;2021-05-24;111694.36861021539;5000;76183.0;45468.0
PARIS_SEINE-MOREE;2021-05-24;65835.25042035653;5000;24390.0;14818.0
PARIS_SEINE-AMONT;2021-05-26;393160.73628485075;5000;776141.0;452285.0
PARIS_SEINE-CENTRE;2021-05-26;159809.0504594711;5000;296099.0;203240.0
PARIS_SEINE-MOREE;2021-05-26;52918.48055936706;5000;26500.0;14818.0
PARIS_MARNE_AVAL;2021-05-26;124007.99790197806;5000;70118.0;45468.0
PARIS_SEINE-CENTRE;2021-05-30;49099.61886301268;5000;153283.0;203240.0
PARIS_MARNE_AVAL;2021-05-31;123320.22038496293;5000;59695.0;45468.0
PARIS_SEINE-MOREE;2021-05-31;95367.65243068436;5000;27040.0;14818.0
PARIS_SEINE-AMONT;2021-05-31;81332.6478419724;5000;537997.0;452285.0
PARIS_SEINE-MOREE;2021-06-02;307361.9105338189;5000;27050.0;14818.0
PARIS_MARNE_AVAL;2021-06-02;440436.4166537337;5000;57236.0;45468.0
PARIS_SEINE-AMONT;2021-06-02;169210.12748872698;5000;532999.0;452285.0
PARIS_SEINE-CENTRE;2021-06-02;907725.6074921916;5000;196032.0;203240.0
PARIS_SEINE-CENTRE;2021-06-06;18281.474840017087;5000;157678.0;203240.0
PARIS_SEINE-MOREE;2021-06-07;24911.89530237558;5000;29630.0;14818.0
PARIS_SEINE-AMONT;2021-06-07;15962.53827989114;5000;539213.0;452285.0
PARIS_MARNE_AVAL;2021-06-07;152663.65759618784;5000;62074.0;45468.0
PARIS_SEINE-AMONT;2021-06-09;18308.66330305955;5000;542038.0;452285.0
PARIS_SEINE-CENTRE;2021-06-09;13967.281681778237;5000;128537.0;203240.0
PARIS_MARNE_AVAL;2021-06-09;13955.71455027469;5000;61798.0;45468.0
PARIS_SEINE-MOREE;2021-06-09;14779.430026345071;5000;28480.0;14818.0
PARIS_SEINE-CENTRE;2021-06-13;3123.3628733406504;5000;157500.0;203240.0
PARIS_MARNE_AVAL;2021-06-14;64478.912461778185;5000;46386.0;45468.0
PARIS_SEINE-AMONT;2021-06-14;258356.11902284937;5000;534394.0;452285.0
PARIS_SEINE-MOREE;2021-06-14;85859.95587701049;5000;29820.0;14818.0
PARIS_MARNE_AVAL;2021-06-16;19220.291676816592;5000;62437.0;45468.0
PARIS_SEINE-CENTRE;2021-06-16;15101.478722832973;5000;158841.0;203240.0
PARIS_SEINE-AMONT;2021-06-16;10016.519553139786;5000;531034.0;452285.0
PARIS_SEINE-MOREE;2021-06-16;33106.99782819598;5000;31520.0;14818.0
PARIS_SEINE-CENTRE;2021-06-20;31316.46823810257;5000;301812.0;203240.0
PARIS_SEINE-AMONT;2021-06-21;8577.968703064178;5000;745730.0;452285.0
PARIS_MARNE_AVAL;2021-06-21;4097.80294831615;5000;85649.0;45468.0
PARIS_SEINE-MOREE;2021-06-21;2512.6322957672874;5000;31720.0;14818.0
PARIS_MARNE_AVAL;2021-06-23;10751.322699360362;5000;74592.0;45468.0
PARIS_SEINE-MOREE;2021-06-23;3418.3999813062974;5000;31300.0;14818.0
PARIS_SEINE-AMONT;2021-06-23;5702.284672518168;5000;770616.0;452285.0
PARIS_SEINE-CENTRE;2021-06-23;12535.708395597054;5000;214012.0;203240.0
PARIS_SEINE-CENTRE;2021-06-27;6481.921323040661;5000;208413.0;203240.0
PARIS_SEINE-MOREE;2021-06-28;27419.160128611715;5000;33510.0;14818.0
PARIS_SEINE-AMONT;2021-06-28;6448.415421596953;5000;597109.0;452285.0
PARIS_MARNE_AVAL;2021-06-28;59282.559812805586;5000;76039.0;45468.0
PARIS_SEINE-CENTRE;2021-06-30;4918.943852944297;5000;257888.0;203240.0
PARIS_SEINE-MOREE;2021-06-30;36245.51356770316;5000;35820.0;14818.0
PARIS_SEINE-AMONT;2021-06-30;21622.463101489648;5000;685433.0;452285.0
PARIS_MARNE_AVAL;2021-06-30;9017.722816115236;5000;77867.0;45468.0
PARIS_SEINE-CENTRE;2021-07-04;17946.124482418007;5000;402216.0;203240.0
PARIS_SEINE-MOREE;2021-07-05;26387.390390405646;5000;31550.0;14818.0
PARIS_MARNE_AVAL;2021-07-05;46733.91465509996;5000;79862.0;45468.0
PARIS_SEINE-AMONT;2021-07-05;4002.4860429574387;5000;736143.0;452285.0
PARIS_MARNE_AVAL;2021-07-07;6079.595840228824;5000;67576.0;45468.0
PARIS_SEINE-MOREE;2021-07-07;14877.441485859516;5000;30820.0;14818.0
PARIS_SEINE-AMONT;2021-07-07;8959.486151716412;5000;483700.0000000008;452285.0
PARIS_SEINE-CENTRE;2021-07-07;14810.710797466212;5000;182541.0;203240.0
PARIS_SEINE-CENTRE;2021-07-11;66861.17132118388;5000;154330.0;203240.0
PARIS_SEINE-AMONT;2021-07-12;25272.090163281482;5000;653113.9999999992;452285.0
PARIS_SEINE-MOREE;2021-07-12;5584.982845199357;5000;31190.0;14818.0
PARIS_MARNE_AVAL;2021-07-12;44864.867817282706;5000;75291.0;45468.0
PARIS_SEINE-AMONT;2021-07-14;25522.269056710444;5000;1004988.0;452285.0
PARIS_MARNE_AVAL;2021-07-14;151318.80739637784;5000;84800.0;45468.0
PARIS_SEINE-MOREE;2021-07-14;33677.792844458054;5000;31710.0;14818.0
PARIS_SEINE-CENTRE;2021-07-18;456516.2554003444;5000;156090.0;203240.0
PARIS_SEINE-MOREE;2021-07-19;59421.95764116803;5000;31450.0;14818.0
PARIS_MARNE_AVAL;2021-07-19;99503.00455401368;5000;71459.0;45468.0
PARIS_SEINE-AMONT;2021-07-19;74702.29978149559;5000;534946.9999999992;452285.0
PARIS_SEINE-CENTRE;2021-07-21;39745.12349333039;5000;177748.0;203240.0
PARIS_SEINE-AMONT;2021-07-21;28607.09293344786;5000;424364.0;452285.0
PARIS_MARNE_AVAL;2021-07-21;125052.63732653364;5000;58353.0;45468.0
PARIS_SEINE-MOREE;2021-07-21;280781.7068779291;5000;31420.0;14818.0
PARIS_SEINE-CENTRE;2021-07-25;43991.92878798832;5000;334000.0;203240.0
PARIS_SEINE-AMONT;2021-07-26;97795.96837159217;5000;590782.0000000008;452285.0
PARIS_SEINE-MOREE;2021-07-26;65955.15443078031;5000;31710.0;14818.0
PARIS_MARNE_AVAL;2021-07-26;90638.49650077836;5000;68741.0;45468.0
PARIS_SEINE-CENTRE;2021-07-28;123814.78978309543;5000;203240.0;203240.0
PARIS_SEINE-AMONT;2021-07-28;135060.13057657488;5000;419259.9999999992;452285.0
PARIS_MARNE_AVAL;2021-07-28;99469.86385968864;5000;53567.0;45468.0
PARIS_SEINE-MOREE;2021-07-28;178059.21707534042;5000;61710.0;14818.0
PARIS_SEINE-CENTRE;2021-08-01;34384.246614227995;5000;187536.0;203240.0
PARIS_SEINE-MOREE;2021-08-02;50896.53164701461;5000;30970.0;14818.0
PARIS_SEINE-AMONT;2021-08-02;358967.7009849418;5000;420756.0;452285.0
PARIS_MARNE_AVAL;2021-08-02;73700.64925353548;5000;63111.0;45468.0
PARIS_SEINE-MOREE;2021-08-04;366623.87163181044;5000;30460.0;14818.0
PARIS_MARNE_AVAL;2021-08-04;437346.378224882;5000;52572.0;45468.0
PARIS_SEINE-CENTRE;2021-08-04;167937.06420246777;5000;167400.0;203240.0
PARIS_SEINE-AMONT;2021-08-04;354592.64503029105;5000;377838.0;452285.0
PARIS_SEINE-CENTRE;2021-08-08;28256.32510891572;5000;183753.0;203240.0
PARIS_SEINE-AMONT;2021-08-09;345973.8346601669;5000;386027.0;452285.0
PARIS_MARNE_AVAL;2021-08-09;311593.87503094;5000;49707.0;45468.0
PARIS_SEINE-MOREE;2021-08-09;75796.31308166374;5000;30390.0;14818.0
PARIS_SEINE-CENTRE;2021-08-11;99127.95940396823;5000;158595.0;203240.0
PARIS_MARNE_AVAL;2021-08-11;112378.54530707456;5000;47984.0;45468.0
PARIS_SEINE-MOREE;2021-08-11;157253.86861823365;5000;30490.0;14818.0
PARIS_SEINE-AMONT;2021-08-11;222036.86411363888;5000;349784.0000000008;452285.0
PARIS_SEINE-CENTRE;2021-08-15;136586.5467694351;5000;131894.0;203240.0
PARIS_MARNE_AVAL;2021-08-16;40613.339203641066;5000;45236.0;45468.0
PARIS_SEINE-AMONT;2021-08-16;192847.3249392109;5000;297692.0;452285.0
PARIS_SEINE-MOREE;2021-08-16;144641.3393427422;5000;29810.0;14818.0
PARIS_MARNE_AVAL;2021-08-18;51494.399513428;5000;44685.0;45468.0
PARIS_SEINE-AMONT;2021-08-18;294410.93009397923;5000;291490.0;452285.0
PARIS_SEINE-MOREE;2021-08-18;408712.353176929;5000;29750.0;14818.0
PARIS_SEINE-CENTRE;2021-08-18;157217.3795610996;5000;132538.0;203240.0
PARIS_SEINE-CENTRE;2021-08-22;27060.934406432414;5000;126916.0;203240.0
PARIS_MARNE_AVAL;2021-08-23;81048.0907302939;5000;47274.0;45468.0
PARIS_SEINE-MOREE;2021-08-23;716264.4863165864;5000;30210.0;14818.0
PARIS_SEINE-AMONT;2021-08-23;168671.58185452918;5000;264249.9999999992;452285.0
PARIS_SEINE-MOREE;2021-08-25;200322.21224965635;5000;30620.0;14818.0
PARIS_MARNE_AVAL;2021-08-25;73171.3413803341;5000;47939.0;45468.0
PARIS_SEINE-AMONT;2021-08-25;167374.6805447394;5000;276225.0;452285.0
PARIS_SEINE-CENTRE;2021-08-25;64987.01066227746;5000;126792.0;203240.0
PARIS_SEINE-CENTRE;2021-08-29;34705.77046044838;5000;186628.0;203240.0
PARIS_SEINE-MOREE;2021-08-30;139046.82851702705;5000;30560.0;14818.0
PARIS_MARNE_AVAL;2021-08-30;625099.9097494157;5000;48811.0;45468.0
PARIS_SEINE-AMONT;2021-08-30;202307.4640118427;5000;452285.0;452285.0
PARIS_SEINE-CENTRE;2021-09-01;225083.99284026865;5000;190548.0;203240.0
PARIS_SEINE-MOREE;2021-09-01;272045.0590326726;5000;29060.0;14818.0
PARIS_MARNE_AVAL;2021-09-01;231385.57302796846;5000;51168.0;45468.0
PARIS_SEINE-AMONT;2021-09-01;102723.02852910149;5000;452285.0;452285.0
PARIS_SEINE-CENTRE;2021-09-05;132564.0559838421;5000;150296.0;203240.0
PARIS_SEINE-MOREE;2021-09-06;78412.11237010072;5000;31030.0;14818.0
PARIS_MARNE_AVAL;2021-09-06;583585.6618714572;5000;38003.0;45468.0
PARIS_SEINE-AMONT;2021-09-06;120741.17070778932;5000;452285.0;452285.0
PARIS_SEINE-CENTRE;2021-09-08;167796.37600486237;5000;207969.0;203240.0
PARIS_SEINE-AMONT;2021-09-08;35793.86806295927;5000;452285.0;452285.0
PARIS_MARNE_AVAL;2021-09-08;236480.63104025336;5000;27715.0;45468.0
PARIS_SEINE-MOREE;2021-09-08;149631.418539054;5000;31450.0;14818.0
PARIS_SEINE-CENTRE;2021-09-12;42347.567297826645;5000;240703.0;203240.0
PARIS_MARNE_AVAL;2021-09-13;27916.324281983096;5000;33306.0;45468.0
PARIS_SEINE-MOREE;2021-09-13;45403.52711220443;5000;30280.0;14818.0
PARIS_SEINE-AMONT;2021-09-13;82062.40683456017;5000;452285.0;452285.0
PARIS_SEINE-AMONT;2021-09-15;63128.74864365966;5000;452285.0;452285.0
PARIS_MARNE_AVAL;2021-09-15;76846.68550506605;5000;71915.0;45468.0
PARIS_SEINE-MOREE;2021-09-15;131777.46031888248;5000;31550.0;14818.0
PARIS_SEINE-CENTRE;2021-09-15;119950.88115731336;5000;301035.0;203240.0
PARIS_SEINE-CENTRE;2021-09-19;80316.99960282496;5000;287018.0;203240.0
PARIS_MARNE_AVAL;2021-09-20;52839.8927800537;5000;44073.0;45468.0
PARIS_SEINE-MOREE;2021-09-20;19924.587712145312;5000;2830.0;14818.0
PARIS_SEINE-AMONT;2021-09-20;39654.23416759854;5000;452285.0;452285.0
PARIS_SEINE-AMONT;2021-09-22;87697.0052525862;5000;452285.0;452285.0
PARIS_MARNE_AVAL;2021-09-22;280141.32639657595;5000;35976.0;45468.0
PARIS_SEINE-CENTRE;2021-09-22;52420.792461579105;5000;213280.0;203240.0
PARIS_SEINE-CENTRE;2021-09-26;52583.213098013526;5000;211135.0;203240.0
PARIS_SEINE-AMONT;2021-09-27;72332.42661968534;5000;452285.0;452285.0
PARIS_MARNE_AVAL;2021-09-27;19428.38054429491;5000;41124.0;45468.0
PARIS_MARNE_AVAL;2021-09-29;35816.278858825186;5000;40621.0;45468.0
PARIS_SEINE-CENTRE;2021-09-29;46513.503817939374;5000;210817.0;203240.0
PARIS_SEINE-AMONT;2021-09-29;121095.29000148391;5000;452285.0;452285.0
PARIS_SEINE-CENTRE;2021-10-03;48175.459552554785;5000;409510.0;203240.0
PARIS_MARNE_AVAL;2021-10-04;111941.65809537513;5000;46734.0;45468.0
PARIS_SEINE-AMONT;2021-10-04;113291.66928133726;5000;452285.0;452285.0
PARIS_SEINE-CENTRE;2021-10-06;71580.3772611602;5000;232743.0;203240.0
PARIS_MARNE_AVAL;2021-10-06;187204.9910572331;5000;47137.0;45468.0
PARIS_SEINE-AMONT;2021-10-06;84459.15172890098;5000;452285.0;452285.0
PARIS_SEINE-CENTRE;2021-10-10;123763.99363448226;5000;239039.0;203240.0
PARIS_SEINE-AMONT;2021-10-10;45384.25703061711;5000;452285.0;452285.0
PARIS_MARNE_AVAL;2021-10-11;123005.74932772137;5000;38182.0;45468.0
PARIS_SEINE-MOREE;2021-10-11;134437.45255964866;5000;21370.0;14818.0
PARIS_SEINE-CENTRE;2021-10-13;60043.619282485146;5000;230697.0;203240.0
PARIS_MARNE_AVAL;2021-10-13;62950.040971948634;5000;38915.0;45468.0
PARIS_SEINE-AMONT;2021-10-13;211270.9695704818;5000;452285.0;452285.0
PARIS_SEINE-MOREE;2021-10-13;89779.66899900405;5000;23120.0;14818.0
PARIS_SEINE-CENTRE;2021-10-17;87644.01065036247;5000;236083.0;203240.0
PARIS_SEINE-AMONT;2021-10-18;184792.37483753462;5000;452285.0;452285.0
PARIS_SEINE-MOREE;2021-10-18;131790.5680732239;5000;29590.0;14818.0
PARIS_MARNE_AVAL;2021-10-18;19552.197023044693;5000;40131.0;45468.0
PARIS_SEINE-CENTRE;2021-10-20;37440.230276001734;5000;236610.0;203240.0
PARIS_SEINE-MOREE;2021-10-20;29834.609400914334;5000;28960.0;14818.0
PARIS_MARNE_AVAL;2021-10-20;24144.53913302542;5000;38236.0;45468.0
PARIS_SEINE-AMONT;2021-10-20;51277.70889118676;5000;452285.0;452285.0
PARIS_SEINE-CENTRE;2021-10-24;125961.03704412129;5000;238160.0;203240.0
PARIS_SEINE-AMONT;2021-10-25;81142.43010446914;5000;452285.0;452285.0
PARIS_MARNE_AVAL;2021-10-25;57882.57529285586;5000;39353.0;45468.0
PARIS_SEINE-MOREE;2021-10-25;60192.11280478378;5000;30240.0;14818.0
PARIS_MARNE_AVAL;2021-10-27;118452.46511294242;5000;37624.0;45468.0
PARIS_SEINE-AMONT;2021-10-27;42734.3035168066;5000;452285.0;452285.0
PARIS_SEINE-CENTRE;2021-10-27;149749.05201863317;5000;250609.0;203240.0
PARIS_SEINE-MOREE;2021-10-27;155052.19533393293;5000;29850.0;14818.0
PARIS_SEINE-CENTRE;2021-10-31;79309.67453893348;5000;304704.0;203240.0
PARIS_SEINE-MOREE;2021-11-01;118599.10466858358;5000;31080.0;14818.0
PARIS_MARNE_AVAL;2021-11-01;16407.548908706798;5000;48361.0;45468.0
PARIS_SEINE-AMONT;2021-11-01;82717.18816069314;5000;452285.0;452285.0
PARIS_SEINE-CENTRE;2021-11-03;116341.74302548105;5000;273394.0;203240.0
PARIS_SEINE-AMONT;2021-11-03;115353.53557144245;5000;452285.0;452285.0
PARIS_SEINE-MOREE;2021-11-03;319101.2983523091;5000;31980.0;14818.0
PARIS_MARNE_AVAL;2021-11-03;81179.2578286294;5000;41607.0;45468.0
PARIS_MARNE_AVAL;2021-11-06;993355.0196653281;5000;61662.0;45468.0
PARIS_SEINE-CENTRE;2021-11-07;121202.3533122476;5000;372398.0;203240.0
PARIS_SEINE-AMONT;2021-11-08;96057.63851349737;5000;452285.0;452285.0
PARIS_MARNE_AVAL;2021-11-08;52377.82773110468;5000;39221.0;45468.0
PARIS_SEINE-MOREE;2021-11-08;219647.75789974758;5000;30410.0;14818.0
PARIS_SEINE-AMONT;2021-11-10;75469.84570615012;5000;452285.0;452285.0
PARIS_MARNE_AVAL;2021-11-11;78462.1037871884;5000;35496.0;45468.0
PARIS_SEINE-MOREE;2021-11-11;502504.97353409574;5000;29240.0;14818.0
PARIS_SEINE-CENTRE;2021-11-14;412185.0836678962;5000;241216.0;203240.0
PARIS_SEINE-MOREE;2021-11-15;443523.3041054058;5000;29820.0;14818.0
PARIS_MARNE_AVAL;2021-11-15;160657.57389564274;5000;35379.0;45468.0
PARIS_SEINE-AMONT;2021-11-15;215389.85622668394;5000;452285.0;452285.0
PARIS_MARNE_AVAL;2021-11-17;306798.6841680911;5000;36421.0;45468.0
PARIS_SEINE-CENTRE;2021-11-17;195765.58315028003;5000;235146.0;203240.0
PARIS_SEINE-AMONT;2021-11-17;282704.39191003;5000;452285.0;452285.0
PARIS_SEINE-MOREE;2021-11-17;101052.02927450913;5000;29990.0;14818.0
PARIS_SEINE-CENTRE;2021-11-21;282911.40315414016;5000;245082.0;203240.0
PARIS_SEINE-AMONT;2021-11-22;239805.3763101715;5000;30690.0;452285.0
PARIS_SEINE-MOREE;2021-11-22;365966.2807244768;5000;30690.0;14818.0
PARIS_MARNE_AVAL;2021-11-22;415500.2147430612;5000;59790.0;45468.0
PARIS_SEINE-MOREE;2021-11-24;270904.79550919944;5000;30590.0;14818.0
PARIS_SEINE-CENTRE;2021-11-24;373630.0283653126;5000;238466.0;203240.0
PARIS_SEINE-AMONT;2021-11-24;182313.75288067866;5000;452285.0;452285.0
PARIS_MARNE_AVAL;2021-11-24;285998.03492362733;5000;59830.0;45468.0
PARIS_SEINE-CENTRE;2021-11-28;854705.7010339643;5000;240875.0;203240.0
PARIS_SEINE-MOREE;2021-11-29;630009.3774110972;5000;31370.0;14818.0
PARIS_SEINE-AMONT;2021-11-29;537481.2287832112;5000;452285.0;452285.0
PARIS_MARNE_AVAL;2021-11-29;769569.1477154737;5000;62659.0;45468.0
PARIS_SEINE-AMONT;2021-12-01;252987.04567274282;5000;452285.0;452285.0
PARIS_SEINE-MOREE;2021-12-01;120494.8684602648;5000;31470.0;14818.0
PARIS_MARNE_AVAL;2021-12-01;577254.3897995517;5000;73646.0;45468.0
PARIS_SEINE-CENTRE;2021-12-01;303889.1899332317;5000;441081.0;203240.0
PARIS_SEINE-CENTRE;2021-12-05;468840.66608002334;5000;426742.0;203240.0
PARIS_SEINE-AMONT;2021-12-06;558158.0231630377;5000;452285.0;452285.0
PARIS_SEINE-MOREE;2021-12-06;453979.61141292047;5000;32260.0;14818.0
PARIS_SEINE-CENTRE;2021-12-08;4994742.295140419;5000;267765.0;203240.0
PARIS_SEINE-MOREE;2021-12-08;480123.07249508175;5000;32120.0;14818.0
PARIS_SEINE-AMONT;2021-12-08;602994.9952715667;5000;452285.0;452285.0
PARIS_MARNE_AVAL;2021-12-08;1407652.8617441384;5000;72452.0;45468.0
PARIS_SEINE-CENTRE;2021-12-12;992908.8277820633;5000;270654.0;203240.0
PARIS_SEINE-MOREE;2021-12-13;616681.155914668;5000;32290.0;14818.0
PARIS_SEINE-AMONT;2021-12-13;622302.6466155639;5000;452285.0;452285.0
PARIS_MARNE_AVAL;2021-12-13;611868.3096843867;5000;71800.0;45468.0
PARIS_SEINE-MOREE;2021-12-15;561517.4225760447;5000;32300.0;14818.0
PARIS_SEINE-CENTRE;2021-12-15;508354.25364644505;5000;268387.0;203240.0
PARIS_MARNE_AVAL;2021-12-15;793688.842682973;5000;68665.0;45468.0
PARIS_SEINE-AMONT;2021-12-15;547609.8496099046;5000;452285.0;452285.0
PARIS_SEINE-CENTRE;2021-12-19;814398.4317697785;5000;236204.0;203240.0
PARIS_MARNE_AVAL;2021-12-20;1109230.2699571461;5000;63977.0;45468.0
PARIS_SEINE-AMONT;2021-12-20;815343.4697227266;5000;452285.0;452285.0
PARIS_SEINE-MOREE;2021-12-20;983665.3535880985;5000;31310.0;14818.0
PARIS_MARNE_AVAL;2021-12-22;554470.0167230197;5000;58667.0;45468.0
PARIS_SEINE-AMONT;2021-12-22;579406.3141881783;5000;452285.0;452285.0
PARIS_SEINE-MOREE;2021-12-22;1519766.3820817284;5000;31280.0;14818.0
PARIS_SEINE-CENTRE;2021-12-22;4982066.422050072;5000;268733.0;203240.0
PARIS_SEINE-CENTRE;2021-12-26;823837.8024169204;5000;337167.0;203240.0
PARIS_SEINE-MOREE;2021-12-27;3801842.7046974427;5000;32930.0;14818.0
PARIS_MARNE_AVAL;2021-12-27;724019.8957763741;5000;84196.0;45468.0
PARIS_SEINE-AMONT;2021-12-27;943420.437046432;5000;452285.0;452285.0
PARIS_SEINE-CENTRE;2021-12-29;4072756.048810451;5000;424713.0;203240.0
PARIS_MARNE_AVAL;2021-12-29;4560596.2007509;5000;87954.0;45468.0
PARIS_SEINE-MOREE;2021-12-29;3880373.8702823217;5000;32990.0;14818.0
PARIS_SEINE-AMONT;2021-12-29;952300.7118981018;5000;452285.0;452285.0
PARIS_SEINE-CENTRE;2022-01-02;2099024.869754297;5000;203240.0;203240.0
PARIS_SEINE-AMONT;2022-01-03;2216649.455540746;5000;406020.0;452285.0
PARIS_SEINE-MOREE;2022-01-03;930106.870626833;5000;32890.0;14818.0
PARIS_MARNE_AVAL;2022-01-03;844622.7299184734;5000;73657.0;45468.0
PARIS_SEINE-AMONT;2022-01-05;1504728.5550078473;5000;521324.0;452285.0
PARIS_MARNE_AVAL;2022-01-05;713349.072385096;5000;58864.0;45468.0
PARIS_SEINE-MOREE;2022-01-05;456212.62798837473;5000;32340.0;14818.0
PARIS_SEINE-CENTRE;2022-01-05;1123615.0696806246;5000;244396.0;203240.0
PARIS_SEINE-AMONT;2022-01-09;590120.556001917;5000;558774.0;452285.0
PARIS_SEINE-CENTRE;2022-01-09;292964.76939200086;5000;403516.0;203240.0
PARIS_SEINE-MOREE;2022-01-10;1306029.44924361;5000;32560.0;14818.0
PARIS_MARNE_AVAL;2022-01-10;2528403.144693876;5000;79286.0;45468.0
PARIS_MARNE_AVAL;2022-01-12;506913.9953172694;5000;82364.0;45468.0
PARIS_SEINE-AMONT;2022-01-12;1411244.5876565927;5000;427129.0;452285.0
PARIS_SEINE-CENTRE;2022-01-12;3518960.661112222;5000;235911.0;203240.0
PARIS_SEINE-MOREE;2022-01-12;3108466.0316817677;5000;30780.0;14818.0
PARIS_SEINE-CENTRE;2022-01-16;2162967.240797825;5000;239162.0;203240.0
PARIS_SEINE-AMONT;2022-01-17;1106687.3252574273;5000;321803.0;452285.0
PARIS_MARNE_AVAL;2022-01-17;1190312.1702722386;5000;70886.0;45468.0
PARIS_SEINE-MOREE;2022-01-17;178759.69676822436;5000;2240.0;14818.0
PARIS_SEINE-CENTRE;2022-01-19;622098.7350342105;5000;238798.0;203240.0
PARIS_SEINE-AMONT;2022-01-19;384951.0966622072;5000;337716.0;452285.0
PARIS_MARNE_AVAL;2022-01-19;4069047.4266061787;5000;69485.0;45468.0
PARIS_SEINE-CENTRE;2022-01-23;1710711.5794492657;5000;236662.0;203240.0
PARIS_MARNE_AVAL;2022-01-24;1422147.6240933174;5000;65320.0;45468.0
PARIS_SEINE-AMONT;2022-01-24;872728.5398769892;5000;296255.0;452285.0
PARIS_SEINE-CENTRE;2022-01-26;2072287.469832514;5000;238218.0;203240.0
PARIS_MARNE_AVAL;2022-01-26;785477.661945603;5000;65142.0;45468.0
PARIS_SEINE-AMONT;2022-01-26;3161509.34474377;5000;270262.0;452285.0
PARIS_SEINE-CENTRE;2022-01-30;904298.448463633;5000;222000.0;203240.0
PARIS_SEINE-AMONT;2022-01-31;815247.9190832167;5000;276897.0;452285.0
PARIS_SEINE-MOREE;2022-01-31;619677.5971204808;5000;4510.0;14818.0
PARIS_MARNE_AVAL;2022-01-31;372485.623105564;5000;62672.0;45468.0
PARIS_SEINE-MOREE;2022-02-02;1665404.6609646147;5000;16560.0;14818.0
PARIS_MARNE_AVAL;2022-02-02;1019350.4290027729;5000;62607.0;45468.0
PARIS_SEINE-CENTRE;2022-02-02;170952.81476566775;5000;163000.0;203240.0
PARIS_SEINE-AMONT;2022-02-02;655874.0555355746;5000;270918.0;452285.0
PARIS_SEINE-CENTRE;2022-02-06;263240.2792032495;5000;168316.0;203240.0
PARIS_SEINE-MOREE;2022-02-07;231205.7726067179;5000;23750.0;14818.0
PARIS_MARNE_AVAL;2022-02-07;845888.3144295163;5000;60721.0;45468.0
PARIS_SEINE-AMONT;2022-02-07;316845.40344142274;5000;364615.0;452285.0
PARIS_MARNE_AVAL;2022-02-09;358476.93828920234;5000;61747.0;45468.0
PARIS_SEINE-MOREE;2022-02-09;196887.86831287178;5000;29480.0;14818.0
PARIS_SEINE-CENTRE;2022-02-09;889680.9923831507;5000;163316.0;203240.0
PARIS_SEINE-AMONT;2022-02-09;173675.42609435838;5000;301096.0;452285.0
PARIS_SEINE-CENTRE;2022-02-13;589017.4161979421;5000;165318.0;203240.0
PARIS_MARNE_AVAL;2022-02-14;286459.6901256708;5000;62814.0;45468.0
PARIS_SEINE-AMONT;2022-02-14;136754.7184927552;5000;320468.0;452285.0
PARIS_SEINE-MOREE;2022-02-14;168343.18638954466;5000;31360.0;14818.0
PARIS_MARNE_AVAL;2022-02-16;226485.5859276047;5000;76273.0;45468.0
PARIS_SEINE-CENTRE;2022-02-16;469050.1478594907;5000;162970.0;203240.0
PARIS_SEINE-MOREE;2022-02-16;421645.6408326773;5000;31280.0;14818.0
PARIS_SEINE-AMONT;2022-02-16;208554.4366625362;5000;295265.0;452285.0
PARIS_SEINE-CENTRE;2022-02-20;224056.85646673836;5000;164773.0;203240.0
PARIS_SEINE-MOREE;2022-02-21;75199.39365006822;5000;31730.0;14818.0
PARIS_MARNE_AVAL;2022-02-21;246022.12623673806;5000;42003.0;45468.0
PARIS_SEINE-AMONT;2022-02-21;269061.6764074599;5000;333973.0;452285.0
PARIS_SEINE-AMONT;2022-02-23;103902.24928208526;5000;316359.0;452285.0
PARIS_SEINE-CENTRE;2022-02-23;569550.631057923;5000;169678.0;203240.0
PARIS_MARNE_AVAL;2022-02-23;364823.8044595033;5000;37655.0;45468.0
PARIS_SEINE-MOREE;2022-02-23;396355.3099854107;5000;31210.0;14818.0
PARIS_SEINE-CENTRE;2022-02-27;116977.7624986741;5000;166526.0;203240.0
PARIS_SEINE-MOREE;2022-02-28;94725.41563932391;5000;31180.0;14818.0
PARIS_MARNE_AVAL;2022-02-28;128998.61003003377;5000;38672.0;45468.0
PARIS_SEINE-AMONT;2022-02-28;89978.18894042338;5000;294274.0;452285.0
PARIS_SEINE-MOREE;2022-03-02;97093.34767328759;5000;30810.0;14818.0
PARIS_SEINE-AMONT;2022-03-02;96631.12261843409;5000;291454.0;452285.0
PARIS_MARNE_AVAL;2022-03-02;517772.63091300544;5000;37339.0;45468.0
PARIS_SEINE-CENTRE;2022-03-02;345078.7799353367;5000;171389.0;203240.0
PARIS_SEINE-AMONT;2022-03-06;1139792.7367281525;5000;302782.0;452285.0
PARIS_SEINE-CENTRE;2022-03-06;123921.88956977171;5000;167358.0;203240.0
PARIS_SEINE-MOREE;2022-03-07;145779.27679126515;5000;30910.0;14818.0
PARIS_MARNE_AVAL;2022-03-07;52845.17622262711;5000;32198.0;45468.0
PARIS_SEINE-CENTRE;2022-03-09;325065.75539558457;5000;166907.0;203240.0
PARIS_MARNE_AVAL;2022-03-09;188104.64118441715;5000;37596.0;45468.0
PARIS_SEINE-AMONT;2022-03-09;40917.602066127074;5000;290328.0;452285.0
PARIS_SEINE-MOREE;2022-03-09;142666.18102411748;5000;30310.0;14818.0
PARIS_SEINE-CENTRE;2022-03-13;941620.874610375;5000;165121.0;203240.0
PARIS_SEINE-AMONT;2022-03-14;793167.7217113614;5000;295198.0;452285.0
PARIS_SEINE-MOREE;2022-03-14;207698.22199337918;5000;30980.0;14818.0
PARIS_MARNE_AVAL;2022-03-14;428706.8350075319;5000;37615.0;45468.0
PARIS_SEINE-AMONT;2022-03-16;1064385.4367678317;5000;291673.0;452285.0
PARIS_SEINE-MOREE;2022-03-16;832334.9875615912;5000;35480.0;14818.0
PARIS_MARNE_AVAL;2022-03-16;239888.55068136373;5000;39234.0;45468.0
PARIS_SEINE-CENTRE;2022-03-16;373666.3083177122;5000;165802.0;203240.0
PARIS_SEINE-CENTRE;2022-03-20;447141.6381104362;5000;170200.0;203240.0
PARIS_SEINE-MOREE;2022-03-21;170812.3673477348;5000;30560.0;14818.0
PARIS_MARNE_AVAL;2022-03-21;290769.4825583679;5000;36878.0;45468.0
PARIS_SEINE-AMONT;2022-03-21;760411.3169038226;5000;296778.0;452285.0
PARIS_SEINE-MOREE;2022-03-23;1222419.8254043655;5000;29990.0;14818.0
PARIS_SEINE-AMONT;2022-03-23;1207624.683092401;5000;297519.0;452285.0
PARIS_MARNE_AVAL;2022-03-23;360363.5306821967;5000;36246.0;45468.0
PARIS_SEINE-CENTRE;2022-03-23;1178021.1880231462;5000;167855.0;203240.0
PARIS_SEINE-AMONT;2022-03-28;612740.9408796427;5000;289422.0;452285.0
PARIS_MARNE_AVAL;2022-03-28;1507131.0859141124;5000;35900.0;45468.0
PARIS_SEINE-MOREE;2022-03-28;670227.527008233;5000;30840.0;14818.0
PARIS_SEINE-CENTRE;2022-03-30;714976.6059192308;5000;165455.0;203240.0
PARIS_MARNE_AVAL;2022-03-30;1291971.8258677144;5000;39013.0;45468.0
PARIS_SEINE-MOREE;2022-03-30;589202.9165341598;5000;30630.0;14818.0
PARIS_SEINE-AMONT;2022-03-30;1806173.3520010235;5000;314687.0;452285.0
PARIS_SEINE-CENTRE;2022-04-03;2144340.470476875;5000;169731.0;203240.0
PARIS_MARNE_AVAL;2022-04-04;629824.924474179;5000;35825.0;45468.0
PARIS_SEINE-MOREE;2022-04-04;1998644.8921163;5000;31000.0;14818.0
PARIS_SEINE-AMONT;2022-04-04;2449274.556737486;5000;290435.0;452285.0
PARIS_SEINE-CENTRE;2022-04-06;1092030.4363711523;5000;170633.0;203240.0
PARIS_SEINE-MOREE;2022-04-06;264834.8120641756;5000;31220.0;14818.0
PARIS_MARNE_AVAL;2022-04-06;314353.2893683648;5000;39477.0;45468.0
PARIS_SEINE-AMONT;2022-04-06;478495.72321991425;5000;452285.0;452285.0
PARIS_SEINE-CENTRE;2022-04-10;1152348.431663012;5000;161815.0;203240.0
PARIS_MARNE_AVAL;2022-04-11;810881.0526835116;5000;46400.0;45468.0
PARIS_SEINE-MOREE;2022-04-11;159405.54712897245;5000;32670.0;14818.0
PARIS_SEINE-AMONT;2022-04-11;864820.1160613147;5000;364273.0;452285.0
PARIS_SEINE-MOREE;2022-04-13;1221122.5166823517;5000;32720.0;14818.0
PARIS_MARNE_AVAL;2022-04-13;841363.4062344014;5000;53542.0;45468.0
PARIS_SEINE-CENTRE;2022-04-13;2025717.241026296;5000;205530.0;203240.0
PARIS_SEINE-AMONT;2022-04-13;934717.1578551724;5000;328512.0;452285.0
PARIS_SEINE-CENTRE;2022-04-17;430186.7292131077;5000;194943.0;203240.0
PARIS_SEINE-MOREE;2022-04-18;1406954.3448844003;5000;31660.0;14818.0
PARIS_MARNE_AVAL;2022-04-18;590858.9877223896;5000;42737.0;45468.0
PARIS_SEINE-AMONT;2022-04-18;1297869.9395352688;5000;452285.0;452285.0
PARIS_SEINE-AMONT;2022-04-20;377455.73215946316;5000;452285.0;452285.0
PARIS_SEINE-MOREE;2022-04-20;111054.14366682664;5000;31710.0;14818.0
PARIS_MARNE_AVAL;2022-04-20;561561.9386045049;5000;51090.0;45468.0
PARIS_SEINE-CENTRE;2022-04-20;175075.98695520256;5000;198819.0;203240.0
PARIS_SEINE-CENTRE;2022-04-24;474491.691810206;5000;202060.0;203240.0
PARIS_MARNE_AVAL;2022-04-25;590296.8951128509;5000;46642.0;45468.0
PARIS_SEINE-MOREE;2022-04-25;622111.9258609535;5000;30570.0;14818.0
PARIS_SEINE-AMONT;2022-04-25;333859.6836551105;5000;452285.0;452285.0
PARIS_SEINE-MOREE;2022-04-27;618332.7814160703;5000;31280.0;14818.0
PARIS_MARNE_AVAL;2022-04-27;167326.13244110186;5000;41092.0;45468.0
PARIS_SEINE-AMONT;2022-04-27;274612.26428503543;5000;452285.0;452285.0
PARIS_SEINE-CENTRE;2022-04-27;95349.94781807551;5000;196468.0;203240.0
PARIS_SEINE-AMONT;2022-05-02;444445.9763966064;5000;452285.0;452285.0
PARIS_SEINE-AMONT;2022-05-04;347383.0593135912;5000;452285.0;452285.0
PARIS_SEINE-MOREE;2022-05-09;211579.17026914377;5000;30960.0;14818.0
PARIS_SEINE-AMONT;2022-05-09;95234.81312048378;5000;452285.0;452285.0
PARIS_MARNE_AVAL;2022-05-09;97811.29303006454;5000;55783.0;45468.0
PARIS_MARNE_AVAL;2022-05-11;322406.64288326947;5000;54389.0;45468.0
PARIS_SEINE-MOREE;2022-05-11;168287.97124366753;5000;30680.0;14818.0
PARIS_SEINE-AMONT;2022-05-11;157651.23314121077;5000;452285.0;452285.0
PARIS_MARNE_AVAL;2022-05-16;83193.99244154386;5000;55573.0;45468.0
PARIS_SEINE-AMONT;2022-05-16;229958.80801627442;5000;452285.0;452285.0
PARIS_SEINE-MOREE;2022-05-16;97704.62837277676;5000;31340.0;14818.0
PARIS_SEINE-MOREE;2022-05-18;33800.63320390968;5000;30160.0;14818.0
PARIS_SEINE-CENTRE;2022-05-18;93592.10724521236;5000;262175.0;203240.0
PARIS_SEINE-AMONT;2022-05-18;110289.16550993845;5000;452285.0;452285.0
PARIS_MARNE_AVAL;2022-05-18;189616.02364142786;5000;54396.0;45468.0
PARIS_SEINE-CENTRE;2022-05-22;76059.42360472064;5000;245783.0;203240.0
PARIS_SEINE-AMONT;2022-05-23;27367.911529589;5000;452285.0;452285.0
PARIS_SEINE-MOREE;2022-05-23;77407.31962340977;5000;31520.0;14818.0
PARIS_MARNE_AVAL;2022-05-23;54536.74979690444;5000;66771.0;45468.0
PARIS_SEINE-CENTRE;2022-05-24;273739.035592054;5000;265341.0;203240.0
PARIS_SEINE-AMONT;2022-05-25;141968.96011331258;5000;452285.0;452285.0
PARIS_SEINE-MOREE;2022-05-26;440731.07390839513;5000;30450.0;14818.0
PARIS_MARNE_AVAL;2022-05-26;142724.7571589865;5000;51756.0;45468.0
PARIS_SEINE-CENTRE;2022-05-29;134949.04163486967;5000;266424.0;203240.0
PARIS_SEINE-AMONT;2022-05-30;270398.56410260557;5000;452285.0;452285.0
PARIS_SEINE-MOREE;2022-05-30;307589.7410700846;5000;30900.0;14818.0
PARIS_MARNE_AVAL;2022-05-30;275367.2926566008;5000;52060.0;45468.0
PARIS_SEINE-AMONT;2022-06-01;501593.7052716741;5000;452285.0;452285.0
PARIS_SEINE-CENTRE;2022-06-01;478801.27485675056;5000;258222.0;203240.0
PARIS_SEINE-MOREE;2022-06-01;854990.4708930863;5000;30810.0;14818.0
PARIS_MARNE_AVAL;2022-06-01;61848.96390863262;5000;52934.0;45468.0
PARIS_SEINE-CENTRE;2022-06-06;739029.6029741217;5000;259727.0;203240.0
PARIS_SEINE-MOREE;2022-06-06;93951.36993940531;5000;30900.0;14818.0
PARIS_MARNE_AVAL;2022-06-06;574839.3025635941;5000;58000.0;45468.0
PARIS_SEINE-AMONT;2022-06-06;276528.7186746216;5000;452285.0;452285.0
PARIS_SEINE-CENTRE;2022-06-08;1325543.621812119;5000;253752.0;203240.0
PARIS_SEINE-MOREE;2022-06-08;283691.25958380155;5000;32240.0;14818.0
PARIS_MARNE_AVAL;2022-06-08;564709.4365376252;5000;82786.0;45468.0
PARIS_SEINE-AMONT;2022-06-08;489410.02110660716;5000;452285.0;452285.0
PARIS_SEINE-CENTRE;2022-06-12;574025.1119821924;5000;259783.0;203240.0
PARIS_MARNE_AVAL;2022-06-13;1227054.357917258;5000;56606.0;45468.0
PARIS_SEINE-AMONT;2022-06-13;1115666.498762352;5000;452285.0;452285.0
PARIS_SEINE-MOREE;2022-06-13;380410.1558111763;5000;30890.0;14818.0
PARIS_SEINE-CENTRE;2022-06-15;1512471.9695258804;5000;267827.0;203240.0
PARIS_SEINE-MOREE;2022-06-15;1452328.6813409387;5000;30940.0;14818.0
PARIS_MARNE_AVAL;2022-06-15;1055293.594896319;5000;56831.0;45468.0
PARIS_SEINE-AMONT;2022-06-15;453880.2479495545;5000;452285.0;452285.0
PARIS_SEINE-CENTRE;2022-06-19;673973.1879741583;5000;256666.0;203240.0
PARIS_SEINE-AMONT;2022-06-20;653097.3467207568;5000;452285.0;452285.0
PARIS_SEINE-MOREE;2022-06-20;1252199.2878858664;5000;31530.0;14818.0
PARIS_MARNE_AVAL;2022-06-20;1098824.6376409049;5000;60253.0;45468.0
PARIS_SEINE-MOREE;2022-06-22;346845.26093837427;5000;32260.0;14818.0
PARIS_SEINE-CENTRE;2022-06-22;877977.8005350332;5000;251883.0;203240.0
PARIS_SEINE-AMONT;2022-06-22;1568132.291567801;5000;452285.0;452285.0
PARIS_MARNE_AVAL;2022-06-22;687313.6293894366;5000;62125.0;45468.0
PARIS_SEINE-CENTRE;2022-06-26;781676.5049650777;5000;261551.0;203240.0
PARIS_MARNE_AVAL;2022-06-27;778115.0899925404;5000;49571.0;45468.0
PARIS_SEINE-AMONT;2022-06-27;536446.392966705;5000;452285.0;452285.0
PARIS_SEINE-MOREE;2022-06-27;1755654.5408407527;5000;30750.0;14818.0
PARIS_MARNE_AVAL;2022-06-29;1403447.4423725565;5000;51078.0;45468.0
PARIS_SEINE-MOREE;2022-06-29;1118987.2737387186;5000;30680.0;14818.0
PARIS_SEINE-CENTRE;2022-06-29;316963.04733603285;5000;264167.0;203240.0
PARIS_SEINE-AMONT;2022-06-29;673862.5287094064;5000;452285.0;452285.0
PARIS_SEINE-CENTRE;2022-07-03;3831958.4033380174;5000;268423.0;203240.0
PARIS_SEINE-AMONT;2022-07-04;1461027.0706505612;5000;399357.0;452285.0
PARIS_SEINE-MOREE;2022-07-04;863878.0627815257;5000;30770.0;14818.0
PARIS_MARNE_AVAL;2022-07-04;2473439.5889662597;5000;50783.0;45468.0
PARIS_SEINE-AMONT;2022-07-06;2680360.2138914373;5000;380688.0;452285.0
PARIS_SEINE-MOREE;2022-07-06;576610.1706224304;5000;31000.0;14818.0
PARIS_MARNE_AVAL;2022-07-06;2030894.685796118;5000;49569.0;45468.0
PARIS_SEINE-CENTRE;2022-07-06;4996163.840501107;5000;267718.0;203240.0
PARIS_SEINE-CENTRE;2022-07-10;1141977.9944752394;5000;261455.0;203240.0
PARIS_MARNE_AVAL;2022-07-11;609965.7265526538;5000;47742.0;45468.0
PARIS_SEINE-AMONT;2022-07-11;914161.5327816169;5000;452285.0;452285.0
PARIS_SEINE-MOREE;2022-07-11;699523.2576576354;5000;30010.0;14818.0
PARIS_SEINE-CENTRE;2022-07-12;1028456.5583041862;5000;256587.0;203240.0
PARIS_SEINE-MOREE;2022-07-14;374128.0666560171;5000;30320.0;14818.0
PARIS_SEINE-AMONT;2022-07-14;1257114.8055676084;5000;452285.0;452285.0
PARIS_MARNE_AVAL;2022-07-14;305730.61923757324;5000;46358.0;45468.0
PARIS_SEINE-CENTRE;2022-07-17;434764.0095468634;5000;261658.0;203240.0
PARIS_SEINE-MOREE;2022-07-18;640127.2586561732;5000;30600.0;14818.0
PARIS_SEINE-AMONT;2022-07-18;579003.8746029228;5000;452285.0;452285.0
PARIS_MARNE_AVAL;2022-07-18;809336.7373544255;5000;45580.0;45468.0
PARIS_SEINE-CENTRE;2022-07-20;1224299.3371665876;5000;252623.0;203240.0
PARIS_SEINE-AMONT;2022-07-20;690789.6359366921;5000;452285.0;452285.0
PARIS_MARNE_AVAL;2022-07-20;356714.1142516924;5000;68430.0;45468.0
PARIS_SEINE-MOREE;2022-07-20;233501.80570010474;5000;31240.0;14818.0
PARIS_SEINE-CENTRE;2022-07-24;1567123.2511941562;5000;251895.0;203240.0
PARIS_MARNE_AVAL;2022-07-25;209756.99932334875;5000;43537.0;45468.0
PARIS_SEINE-MOREE;2022-07-25;74329.37438519782;5000;30930.0;14818.0
PARIS_SEINE-AMONT;2022-07-25;1038297.3782564513;5000;452285.0;452285.0
PARIS_SEINE-CENTRE;2022-07-27;194097.30712564732;5000;131969.0;203240.0
PARIS_SEINE-AMONT;2022-07-27;413414.25790393807;5000;452285.0;452285.0
PARIS_SEINE-MOREE;2022-07-27;70970.19455065079;5000;31640.0;14818.0
PARIS_MARNE_AVAL;2022-07-27;105051.36613270834;5000;43018.0;45468.0
PARIS_SEINE-CENTRE;2022-07-31;537037.2754087206;5000;265811.0;203240.0
PARIS_SEINE-AMONT;2022-08-01;431017.88497962477;5000;452285.0;452285.0
PARIS_MARNE_AVAL;2022-08-01;74208.91759765976;5000;42005.0;45468.0
PARIS_SEINE-MOREE;2022-08-01;398970.8275733041;5000;30630.0;14818.0
PARIS_SEINE-AMONT;2022-08-03;507618.81131401384;5000;452285.0;452285.0
PARIS_SEINE-MOREE;2022-08-03;231675.98833834752;5000;30300.0;14818.0
PARIS_MARNE_AVAL;2022-08-03;233906.2798677701;5000;42368.0;45468.0
PARIS_SEINE-CENTRE;2022-08-03;158771.55765122882;5000;131576.0;203240.0
PARIS_SEINE-CENTRE;2022-08-07;108058.2906102923;5000;129679.0;203240.0
PARIS_SEINE-AMONT;2022-08-08;442030.64440779015;5000;452285.0;452285.0
PARIS_SEINE-MOREE;2022-08-08;116186.52077203357;5000;29730.0;14818.0
PARIS_MARNE_AVAL;2022-08-08;222588.62330936405;5000;39649.0;45468.0
PARIS_SEINE-AMONT;2022-08-10;253459.0845361007;5000;452285.0;452285.0
PARIS_SEINE-MOREE;2022-08-10;392975.5867670919;5000;29010.0;14818.0
PARIS_MARNE_AVAL;2022-08-10;150994.42865888355;5000;38860.0;45468.0
PARIS_SEINE-CENTRE;2022-08-14;90066.56856073794;5000;125518.0;203240.0
PARIS_SEINE-AMONT;2022-08-15;212923.28635099312;5000;452285.0;452285.0
PARIS_MARNE_AVAL;2022-08-15;110875.67375599101;5000;38857.0;45468.0
PARIS_SEINE-MOREE;2022-08-15;106718.00870715755;5000;14818.0;14818.0
PARIS_SEINE-CENTRE;2022-08-17;148175.60226504575;5000;182856.0;203240.0
PARIS_MARNE_AVAL;2022-08-17;207753.87987337017;5000;50156.0;45468.0
PARIS_SEINE-AMONT;2022-08-17;634823.5021632107;5000;452285.0;452285.0
PARIS_SEINE-MOREE;2022-08-17;542603.9454886559;5000;32350.0;14818.0
PARIS_SEINE-CENTRE;2022-08-21;105963.66227448158;5000;133580.0;203240.0
PARIS_SEINE-AMONT;2022-08-22;148235.47091487006;5000;452285.0;452285.0
PARIS_MARNE_AVAL;2022-08-22;32260.93596455108;5000;40950.0;45468.0
PARIS_SEINE-MOREE;2022-08-22;881138.3073014871;5000;27540.0;14818.0
PARIS_MARNE_AVAL;2022-08-24;57315.36893000823;5000;41783.0;45468.0
PARIS_SEINE-CENTRE;2022-08-24;84045.03673894811;5000;105768.0;203240.0
PARIS_SEINE-MOREE;2022-08-24;71505.39843593998;5000;27820.0;14818.0
PARIS_SEINE-AMONT;2022-08-24;98328.69018532464;5000;452285.0;452285.0
PARIS_SEINE-CENTRE;2022-08-28;35908.24162789486;5000;134634.0;203240.0
PARIS_SEINE-MOREE;2022-08-29;133420.18929908815;5000;29910.0;14818.0
PARIS_SEINE-AMONT;2022-08-29;168992.50218798962;5000;359636.0;452285.0
PARIS_MARNE_AVAL;2022-08-29;166300.71924475674;5000;43934.0;45468.0
PARIS_MARNE_AVAL;2022-08-31;38629.39090423934;5000;45496.0;45468.0
PARIS_SEINE-MOREE;2022-08-31;94613.05930330434;5000;14818.0;14818.0
PARIS_SEINE-AMONT;2022-08-31;169565.45492326102;5000;384455.0;452285.0
PARIS_MARNE_AVAL;2022-09-05;40152.01126120796;5000;47194.0;45468.0
PARIS_SEINE-MOREE;2022-09-05;166072.30789749013;5000;31830.0;14818.0
PARIS_SEINE-AMONT;2022-09-05;53664.0878931199;5000;452426.0;452285.0
PARIS_SEINE-AMONT;2022-09-07;154392.66356066882;5000;549782.0;452285.0
PARIS_SEINE-MOREE;2022-09-07;61138.23606021195;5000;26830.0;14818.0
PARIS_MARNE_AVAL;2022-09-07;65061.20846920272;5000;36023.0;45468.0
PARIS_MARNE_AVAL;2022-09-12;300623.33981538395;5000;42886.0;45468.0
PARIS_SEINE-AMONT;2022-09-12;134345.86402545572;5000;400765.0;452285.0
PARIS_SEINE-MOREE;2022-09-12;64452.72944882038;5000;28650.0;14818.0
PARIS_SEINE-AMONT;2022-09-14;419860.4525523268;5000;383693.0;452285.0
PARIS_SEINE-MOREE;2022-09-14;285245.53914684244;5000;28390.0;14818.0
PARIS_MARNE_AVAL;2022-09-14;360878.9143410892;5000;49144.0;45468.0
PARIS_MARNE_AVAL;2022-09-19;134309.71436408497;5000;35151.0;45468.0
PARIS_SEINE-AMONT;2022-09-19;344642.37308765214;5000;452285.0;452285.0
PARIS_SEINE-MOREE;2022-09-19;183136.34730021318;5000;28420.0;14818.0
PARIS_SEINE-MOREE;2022-09-21;464039.13122005796;5000;27700.0;14818.0
PARIS_SEINE-AMONT;2022-09-21;297789.5017882372;5000;452285.0;452285.0
PARIS_MARNE_AVAL;2022-09-21;438727.80749203893;5000;34725.0;45468.0
PARIS_SEINE-AMONT;2022-09-26;340902.8986706275;5000;452285.0;452285.0
PARIS_SEINE-MOREE;2022-09-26;296464.4145769197;5000;28950.0;14818.0
PARIS_MARNE_AVAL;2022-09-26;832789.5182497789;5000;42118.0;45468.0
PARIS_MARNE_AVAL;2022-09-28;1161632.5653541246;5000;36993.0;45468.0
PARIS_SEINE-MOREE;2022-09-28;990466.1973668764;5000;28630.0;14818.0
PARIS_SEINE-AMONT;2022-09-28;1160861.678746492;5000;452285.0;452285.0
PARIS_SEINE-AMONT;2022-10-03;496919.48528348113;5000;452285.0;452285.0
PARIS_SEINE-AMONT;2022-10-05;799302.4690655941;5000;452285.0;452285.0
PARIS_SEINE-AMONT;2022-10-10;401124.9352803872;5000;452285.0;452285.0
PARIS_SEINE-AMONT;2022-10-12;1419770.9740427004;5000;452285.0;452285.0
PARIS_SEINE-AMONT;2022-10-17;1302906.9824968153;5000;452285.0;452285.0
PARIS_SEINE-AMONT;2022-10-19;991797.5686405569;5000;452285.0;452285.0
PARIS_SEINE-AMONT;2022-10-24;856245.0894332665;5000;452285.0;452285.0
PARIS_SEINE-AMONT;2022-10-26;661801.7945321235;5000;452285.0;452285.0
PARIS_SEINE-AMONT;2022-10-31;489469.9090886805;5000;452285.0;452285.0
PARIS_SEINE-CENTRE;2022-11-02;229513.50068710346;5000;203240.0;203240.0
PARIS_SEINE-AMONT;2022-11-02;366513.9262262794;5000;452285.0;452285.0
PARIS_SEINE-CENTRE;2022-11-06;206067.53483807715;5000;203240.0;203240.0
PARIS_SEINE-AMONT;2022-11-07;184352.45395154372;5000;452285.0;452285.0
PARIS_SEINE-CENTRE;2022-11-09;296293.9133169273;5000;203240.0;203240.0
PARIS_SEINE-AMONT;2022-11-09;483599.3967941105;5000;452285.0;452285.0
PARIS_SEINE-CENTRE;2022-11-13;2119625.3652644935;5000;203240.0;203240.0
PARIS_SEINE-AMONT;2022-11-14;1031168.0007999297;5000;452285.0;452285.0
PARIS_SEINE-AMONT;2022-11-16;951887.4302772934;5000;452285.0;452285.0
PARIS_SEINE-CENTRE;2022-11-16;938145.6954178317;5000;203240.0;203240.0
PARIS_SEINE-CENTRE;2022-11-20;300085.46634594054;5000;203240.0;203240.0
PARIS_SEINE-AMONT;2022-11-21;365001.07923060085;5000;452285.0;452285.0
PARIS_SEINE-CENTRE;2022-11-23;520289.3665524044;5000;203240.0;203240.0
PARIS_SEINE-AMONT;2022-11-23;666832.9718361773;5000;452285.0;452285.0
PARIS_SEINE-CENTRE;2022-11-26;477880.9288194302;5000;203240.0;203240.0
PARIS_SEINE-AMONT;2022-11-28;995932.5926712891;5000;452285.0;452285.0
PARIS_SEINE-CENTRE;2022-11-30;1905178.2493440541;5000;203240.0;203240.0
PARIS_SEINE-AMONT;2022-11-30;852917.3271703687;5000;452285.0;452285.0
PARIS_SEINE-CENTRE;2022-12-04;194763.244130241;5000;203240.0;203240.0
PARIS_SEINE-AMONT;2022-12-05;544789.2345545557;5000;452285.0;452285.0
PARIS_SEINE-CENTRE;2022-12-07;2493463.365108392;5000;203240.0;203240.0
PARIS_SEINE-AMONT;2022-12-07;560632.1685835859;5000;452285.0;452285.0
PARIS_SEINE-CENTRE;2022-12-11;222000.1170831645;5000;203240.0;203240.0
PARIS_SEINE-AMONT;2022-12-12;1835636.3636690015;5000;452285.0;452285.0
PARIS_SEINE-AMONT;2022-12-14;1246929.8303116374;5000;452285.0;452285.0
PARIS_SEINE-CENTRE;2022-12-14;1286638.9965655624;5000;203240.0;203240.0
PARIS_SEINE-CENTRE;2022-12-18;383558.0770141171;5000;203240.0;203240.0
PARIS_SEINE-AMONT;2022-12-19;784253.6938193034;5000;452285.0;452285.0
PARIS_SEINE-CENTRE;2022-12-21;890845.8321492989;5000;203240.0;203240.0
PARIS_SEINE-AMONT;2022-12-21;1289646.1884040344;5000;452285.0;452285.0
PARIS_SEINE-CENTRE;2022-12-25;1774636.8020395823;5000;203240.0;203240.0
PARIS_SEINE-AMONT;2022-12-26;2129757.896419234;5000;452285.0;452285.0
PARIS_SEINE-AMONT;2022-12-28;2319444.4782506027;5000;452285.0;452285.0
PARIS_SEINE-CENTRE;2022-12-28;491958.47389663453;5000;203240.0;203240.0
PARIS_SEINE-CENTRE;2023-01-01;2113566.018457922;5000;203240.0;203240.0
PARIS_SEINE-AMONT;2023-01-02;3895228.3460475123;5000;452285.0;452285.0
PARIS_SEINE-AMONT;2023-01-04;768060.4991623817;5000;452285.0;452285.0
PARIS_SEINE-CENTRE;2023-01-04;663646.1001795;5000;203240.0;203240.0
PARIS_SEINE-CENTRE;2023-01-08;270752.39927496476;5000;203240.0;203240.0
PARIS_SEINE-AMONT;2023-01-09;607432.3148096805;5000;452285.0;452285.0
PARIS_SEINE-CENTRE;2023-01-11;155611.86506349186;5000;203240.0;203240.0
PARIS_SEINE-AMONT;2023-01-11;85957.48619711326;5000;452285.0;452285.0
PARIS_SEINE-CENTRE;2023-01-15;36663.45600920357;5000;203240.0;203240.0
PARIS_SEINE-AMONT;2023-01-16;153449.11189790035;5000;452285.0;452285.0
PARIS_SEINE-CENTRE;2023-01-18;165274.43902869953;5000;203240.0;203240.0
PARIS_SEINE-AMONT;2023-01-18;349886.18345712;5000;452285.0;452285.0
PARIS_SEINE-CENTRE;2023-01-22;997710.4119256035;5000;203240.0;203240.0
PARIS_SEINE-AMONT;2023-01-23;407714.8815463101;5000;452285.0;452285.0
PARIS_SEINE-CENTRE;2023-01-25;607687.1591230384;5000;203240.0;203240.0
PARIS_SEINE-AMONT;2023-01-25;597171.3751060046;5000;452285.0;452285.0
PARIS_SEINE-CENTRE;2023-01-29;488488.4508104379;5000;203240.0;203240.0
PARIS_SEINE-AMONT;2023-01-30;229532.78867709907;5000;452285.0;452285.0
PARIS_SEINE-CENTRE;2023-02-01;5023251.331217852;5000;203240.0;203240.0
PARIS_SEINE-AMONT;2023-02-01;206437.82118458732;5000;452285.0;452285.0
PARIS_SEINE-CENTRE;2023-02-05;385034.38541593566;5000;203240.0;203240.0
PARIS_SEINE-AMONT;2023-02-06;927645.7015257423;5000;452285.0;452285.0
PARIS_SEINE-CENTRE;2023-02-08;2713558.2023682334;5000;203240.0;203240.0
PARIS_SEINE-AMONT;2023-02-08;757280.1992955643;5000;452285.0;452285.0
PARIS_SEINE-CENTRE;2023-02-12;707847.3170861786;5000;203240.0;203240.0
PARIS_SEINE-AMONT;2023-02-13;733462.8618841255;5000;452285.0;452285.0
PARIS_SEINE-AMONT;2023-02-15;531555.0033696002;5000;452285.0;452285.0
PARIS_SEINE-CENTRE;2023-02-15;1179061.4593985802;5000;203240.0;203240.0
PARIS_SEINE-CENTRE;2023-02-19;515435.4955950785;5000;203240.0;203240.0
PARIS_SEINE-AMONT;2023-02-20;588120.7938891221;5000;452285.0;452285.0
PARIS_SEINE-CENTRE;2023-02-22;364209.23730615806;5000;203240.0;203240.0
PARIS_SEINE-AMONT;2023-02-22;706133.397835944;5000;452285.0;452285.0
PARIS_SEINE-CENTRE;2023-02-26;882101.0064732763;5000;203240.0;203240.0
PARIS_SEINE-AMONT;2023-02-27;964441.1416417663;5000;452285.0;452285.0
PARIS_SEINE-AMONT;2023-03-01;5042163.731307649;5000;452285.0;452285.0
PARIS_SEINE-CENTRE;2023-03-01;3017603.198743185;5000;203240.0;203240.0
PARIS_SEINE-CENTRE;2023-03-05;1074814.199899951;5000;203240.0;203240.0
PARIS_SEINE-AMONT;2023-03-06;3614825.425610965;5000;452285.0;452285.0
PARIS_SEINE-AMONT;2023-03-08;1220033.747969479;5000;452285.0;452285.0
PARIS_SEINE-CENTRE;2023-03-08;2271149.981778037;5000;203240.0;203240.0
PARIS_SEINE-CENTRE;2023-03-12;886248.5484563737;5000;203240.0;203240.0
PARIS_SEINE-AMONT;2023-03-13;656032.5972719445;5000;452285.0;452285.0
PARIS_SEINE-CENTRE;2023-03-15;19112124.842526294;5000;203240.0;203240.0
PARIS_SEINE-AMONT;2023-03-15;1080881.961109098;5000;452285.0;452285.0
PARIS_SEINE-CENTRE;2023-03-19;800717.747604296;5000;203240.0;203240.0
PARIS_SEINE-AMONT;2023-03-20;313862.3972765219;5000;452285.0;452285.0
PARIS_SEINE-AMONT;2023-03-22;736549.962997405;5000;452285.0;452285.0
PARIS_SEINE-CENTRE;2023-03-22;361292.05448233685;5000;203240.0;203240.0
